ID,?????,???????,??,????,???????,?????,????No,???????,??????,?????????,SP????,"???????
????",???????????????????????,?????URL,????,DT,?
??????????????(?)20_??????????(Confirmation of non-recurring events),???,???????????,??????????????(?),070100,?,?,20,20_??????????(Confirmation of non-recurring events),?,0.???(Out of scope),2026/5/26 9:07,TRUE,,https://airwatero365.sharepoint.com/sites/Guest_AW2026316/Shared Documents/01_?????????????/07_???????????/070100_AW??????/10_????/00_????/????_070100_AW??????.xlsx,0,FALSE,FALSE
??????????????(?)21_?????????????(Document the basis for recording estimated expenses),???,???????????,??????????????(?),070100,?,?,21,21_?????????????(Document the basis for recording estimated expenses),?,0.???(Out of scope),2026/5/26 9:07,TRUE,,https://airwatero365.sharepoint.com/sites/Guest_AW2026316/Shared Documents/01_?????????????/07_???????????/070100_AW??????/10_????/00_????/????_070100_AW??????.xlsx,0,FALSE,FALSE
?????????????????(?)21_?????????????(Document the basis for recording estimated expenses),?????,???????????????,?????????????????(?),060200,?,?,21,21_?????????????(Document the basis for recording estimated expenses),?,0.???(Out of scope),2026/5/26 9:07,TRUE,??????????,https://airwatero365.sharepoint.com/sites/Guest_AW2026316/Shared Documents/01_?????????????/06_???????????????/060200_AW?????????/10_????/00_????/????_060200_AW?????????.xlsx,0,FALSE,FALSE
?????????????????(?)23_?????????????????(Capitalized items based on repair costs and development related expenditure),?????,???????????????,?????????????????(?),060200,?,?,23,23_?????????????????(Capitalized items based on repair costs and development related expenditure),,0.???(Out of scope),2026/5/26 9:07,TRUE,??????????,https://airwatero365.sharepoint.com/sites/Guest_AW2026316/Shared Documents/01_?????????????/06_???????????????/060200_AW?????????/10_????/00_????/????_060200_AW?????????.xlsx,0,FALSE,FALSE
(?)??????27_???????????(Self-inspection checklist),???????,???????????(?),(?)??????,240900,?,,27,27_???????????(Self-inspection checklist),?,0.???(Out of scope),2026/5/26 9:07,FALSE,???1????????????????????????????????????,https://airwatero365.sharepoint.com/sites/Guest_AW2026316/Shared Documents/01_?????????????/24_AW???/240900_???????/10_????/00_????/????_240900_???????.xlsx,1,TRUE,FALSE
(?)??????19_????????????????(Check for invoices that should be recorded as expenses in the current period),???????,???????????(?),(?)??????,240900,?,,19,19_????????????????(Check for invoices that should be recorded as expenses in the current period),?,0.???(Out of scope),2026/5/26 9:07,FALSE,???1????????????????????????????????????????????????,https://airwatero365.sharepoint.com/sites/Guest_AW2026316/Shared Documents/01_?????????????/24_AW???/240900_???????/10_????/00_????/????_240900_???????.xlsx,1,TRUE,FALSE
(?)??????06_???????????(Monthly Trend Analysis of Sales and Gross Profit),???????,???????????(?),(?)??????,240900,?,,06,06_???????????(Monthly Trend Analysis of Sales and Gross Profit),?,0.???(Out of scope),2026/5/26 9:07,FALSE,???1????????????????????????????,https://airwatero365.sharepoint.com/sites/Guest_AW2026316/Shared Documents/01_?????????????/24_AW???/240900_???????/10_????/00_????/????_240900_???????.xlsx,1,TRUE,FALSE
(?)??????21_?????????????(Document the basis for recording estimated expenses),???????,???????????(?),(?)??????,240900,?,,21,21_?????????????(Document the basis for recording estimated expenses),?,0.???(Out of scope),2026/5/26 9:07,FALSE,???1????????????????????????,https://airwatero365.sharepoint.com/sites/Guest_AW2026316/Shared Documents/01_?????????????/24_AW???/240900_???????/10_????/00_????/????_240900_???????.xlsx,1,TRUE,FALSE
(?)??????08_???????(Review of Detailed sales records),???????,???????????(?),(?)??????,240900,?,,08,08_???????(Review of Detailed sales records),?,0.???(Out of scope),2026/5/26 9:07,FALSE,???1??????????????????1???????,https://airwatero365.sharepoint.com/sites/Guest_AW2026316/Shared Documents/01_?????????????/24_AW???/240900_???????/10_????/00_????/????_240900_???????.xlsx,1,TRUE,FALSE
(?)??????18_??????????(Monthly trend analysis of each expense),???????,???????????(?),(?)??????,240900,?,,18,18_??????????(Monthly trend analysis of each expense),?,0.???(Out of scope),2026/5/26 9:07,FALSE,???1???????????????????????????,https://airwatero365.sharepoint.com/sites/Guest_AW2026316/Shared Documents/01_?????????????/24_AW???/240900_???????/10_????/00_????/????_240900_???????.xlsx,1,TRUE,FALSE
???????05_?????????????????(Negative Sales Entries and Sales Reversal Transactions),??,????????,???????,010905,?,,05,05_?????????????????(Negative Sales Entries and Sales Reversal Transactions),?,0.???(Out of scope),2026/5/26 9:07,FALSE,2024????????????2025?????????????????????????????????????????????????JV???????????????????????AWI?????,https://airwatero365.sharepoint.com/sites/Guest_AW2026316/Shared Documents/01_?????????????/01_????????/010905_???????/10_????/00_????/????_010905_???????.xlsx,0,TRUE,FALSE
???????07_?????????(Revenue Recognition Questionnaire),??,????????,???????,010905,?,,07,07_?????????(Revenue Recognition Questionnaire),?,0.???(Out of scope),2026/5/26 9:07,FALSE,2024????????????2025?????????????????????????????????????????????????JV???????????????????????AWI?????,https://airwatero365.sharepoint.com/sites/Guest_AW2026316/Shared Documents/01_?????????????/01_????????/010905_???????/10_????/00_????/????_010905_???????.xlsx,0,TRUE,FALSE
???????22_?????????(Review of disposal transactions for fixed assets),??,????????,???????,010905,?,,22,22_?????????(Review of disposal transactions for fixed assets),?,0.???(Out of scope),2026/5/26 9:07,FALSE,2024????????????2025?????????????????????????????????????????????????JV???????????????????????AWI?????,https://airwatero365.sharepoint.com/sites/Guest_AW2026316/Shared Documents/01_?????????????/01_????????/010905_???????/10_????/00_????/????_010905_???????.xlsx,0,TRUE,FALSE
????????BD(?)(???)22_?????????(Review of disposal transactions for fixed assets),???,??????????????,????????BD(?)(???),080600,?,,22,22_?????????(Review of disposal transactions for fixed assets),?,0.???(Out of scope),2026/5/26 9:07,FALSE,2026/3/27???2025??????????,https://airwatero365.sharepoint.com/sites/Guest_AW2026316/Shared Documents/01_?????????????/08_??????????????/080600_AWBD?/10_????/00_????/????_080600_AWBD?.xlsx,0,FALSE,FALSE
????????BD(?)(???)05_?????????????????(Negative Sales Entries and Sales Reversal Transactions),???,??????????????,????????BD(?)(???),080600,?,,05,05_?????????????????(Negative Sales Entries and Sales Reversal Transactions),?,0.???(Out of scope),2026/5/26 9:07,FALSE,2026/3/27???2025??????,https://airwatero365.sharepoint.com/sites/Guest_AW2026316/Shared Documents/01_?????????????/08_??????????????/080600_AWBD?/10_????/00_????/????_080600_AWBD?.xlsx,0,FALSE,FALSE
????????BD(?)(???)06_???????????(Monthly Trend Analysis of Sales and Gross Profit),???,??????????????,????????BD(?)(???),080600,?,,06,06_???????????(Monthly Trend Analysis of Sales and Gross Profit),?,0.???(Out of scope),2026/5/26 9:07,FALSE,2026/3/27???2025??????,https://airwatero365.sharepoint.com/sites/Guest_AW2026316/Shared Documents/01_?????????????/08_??????????????/080600_AWBD?/10_????/00_????/????_080600_AWBD?.xlsx,0,FALSE,FALSE
????????BD(?)(???)07_?????????(Revenue Recognition Questionnaire),???,??????????????,????????BD(?)(???),080600,?,,07,07_?????????(Revenue Recognition Questionnaire),?,0.???(Out of scope),2026/5/26 9:07,FALSE,2026/3/27???2025??????,https://airwatero365.sharepoint.com/sites/Guest_AW2026316/Shared Documents/01_?????????????/08_??????????????/080600_AWBD?/10_????/00_????/????_080600_AWBD?.xlsx,0,FALSE,FALSE
(?)?????25_?????????????(Preparation and submission of impairment assessment materials),???????,???????????(?),(?)?????,240200,?,,25,25_?????????????(Preparation and submission of impairment assessment materials),?,0.???(Out of scope),2026/5/26 9:07,FALSE,"4?23??AW????????????????????????????????????AWI????????????????????????????????????????????????????????????????????????????????????????????????????????????????
???????????????????????",https://airwatero365.sharepoint.com/sites/Guest_AW2026316/Shared Documents/01_?????????????/24_AW???/240200_??????/10_????/00_????/????_240200_??????.xlsx,1,TRUE,FALSE
????(?)20_??????????(Confirmation of non-recurring events),?????,??????????????,????(?),020700,?,,20,20_??????????(Confirmation of non-recurring events),?,0.???(Out of scope),2026/5/26 9:07,FALSE,JV?????????????,https://airwatero365.sharepoint.com/sites/Guest_AW2026316/Shared Documents/01_?????????????/02_????????????/020700_?????/10_????/00_????/????_020700_?????.xlsx,0,FALSE,FALSE
M1 Engineering Holdings Limited03_??????(Fixed Asset Inspection),?????,?????????????????,M1 Engineering Holdings Limited,040700,?,,03,03_??????(Fixed Asset Inspection),?,0.???(Out of scope),2026/5/26 9:07,FALSE,M1HD?M1E?????????????????TB???????????????,https://airwatero365.sharepoint.com/sites/Guest_AW2026316/Shared Documents/01_?????????????/04_?????????????????/040700_M1 Engineering Holdings Limited/10_self-inspection/00_Progress Tracking/????_040700_M1 Engineering Holdings Limited.xlsx,0,TRUE,TRUE
M1 Engineering Holdings Limited01_??????(AR Balance Confirmation),?????,?????????????????,M1 Engineering Holdings Limited,040700,?,,01,01_??????(AR Balance Confirmation),?,0.???(Out of scope),2026/5/26 9:07,FALSE,M1HD????????M1Engineering????????????48k???????????????????????????,https://airwatero365.sharepoint.com/sites/Guest_AW2026316/Shared Documents/01_?????????????/04_?????????????????/040700_M1 Engineering Holdings Limited/10_self-inspection/00_Progress Tracking/????_040700_M1 Engineering Holdings Limited.xlsx,0,TRUE,TRUE
M1 Engineering Holdings Limited04_????(Review of Overdue Receivables),?????,?????????????????,M1 Engineering Holdings Limited,040700,?,,04,04_????(Review of Overdue Receivables),?,0.???(Out of scope),2026/5/26 9:07,FALSE,M1HD????????M1Engineering????????????48k???????????????????????????,https://airwatero365.sharepoint.com/sites/Guest_AW2026316/Shared Documents/01_?????????????/04_?????????????????/040700_M1 Engineering Holdings Limited/10_self-inspection/00_Progress Tracking/????_040700_M1 Engineering Holdings Limited.xlsx,0,TRUE,TRUE
M1 Engineering Holdings Limited05_?????????????????(Negative Sales Entries and Sales Reversal Transactions),?????,?????????????????,M1 Engineering Holdings Limited,040700,?,,05,05_?????????????????(Negative Sales Entries and Sales Reversal Transactions),?,0.???(Out of scope),2026/5/26 9:07,FALSE,M1HD????????M1Engineering????????????48k???????????????????????????,https://airwatero365.sharepoint.com/sites/Guest_AW2026316/Shared Documents/01_?????????????/04_?????????????????/040700_M1 Engineering Holdings Limited/10_self-inspection/00_Progress Tracking/????_040700_M1 Engineering Holdings Limited.xlsx,0,TRUE,TRUE
M1 Engineering Holdings Limited06_???????????(Monthly Trend Analysis of Sales and Gross Profit),?????,?????????????????,M1 Engineering Holdings Limited,040700,?,,06,06_???????????(Monthly Trend Analysis of Sales and Gross Profit),?,0.???(Out of scope),2026/5/26 9:07,FALSE,M1HD????????M1Engineering????????????48k???????????????????????????,https://airwatero365.sharepoint.com/sites/Guest_AW2026316/Shared Documents/01_?????????????/04_?????????????????/040700_M1 Engineering Holdings Limited/10_self-inspection/00_Progress Tracking/????_040700_M1 Engineering Holdings Limited.xlsx,0,TRUE,TRUE
M1 Engineering Holdings Limited08_???????(Review of Detailed sales records),?????,?????????????????,M1 Engineering Holdings Limited,040700,?,,08,08_???????(Review of Detailed sales records),?,0.???(Out of scope),2026/5/26 9:07,FALSE,M1HD????????M1Engineering????????????48k???????????????????????????,https://airwatero365.sharepoint.com/sites/Guest_AW2026316/Shared Documents/01_?????????????/04_?????????????????/040700_M1 Engineering Holdings Limited/10_self-inspection/00_Progress Tracking/????_040700_M1 Engineering Holdings Limited.xlsx,0,TRUE,TRUE
M1 Engineering Holdings Limited18_??????????(Monthly trend analysis of each expense),?????,?????????????????,M1 Engineering Holdings Limited,040700,?,,18,18_??????????(Monthly trend analysis of each expense),?,0.???(Out of scope),2026/5/26 9:07,FALSE,M1HD????????M1Engineering????????????48k???????????????????????????,https://airwatero365.sharepoint.com/sites/Guest_AW2026316/Shared Documents/01_?????????????/04_?????????????????/040700_M1 Engineering Holdings Limited/10_self-inspection/00_Progress Tracking/????_040700_M1 Engineering Holdings Limited.xlsx,0,TRUE,TRUE
M1 Engineering Holdings Limited19_????????????????(Check for invoices that should be recorded as expenses in the current period),?????,?????????????????,M1 Engineering Holdings Limited,040700,?,,19,19_????????????????(Check for invoices that should be recorded as expenses in the current period),?,0.???(Out of scope),2026/5/26 9:07,FALSE,M1HD????????M1Engineering????????????48k???????????????????????????,https://airwatero365.sharepoint.com/sites/Guest_AW2026316/Shared Documents/01_?????????????/04_?????????????????/040700_M1 Engineering Holdings Limited/10_self-inspection/00_Progress Tracking/????_040700_M1 Engineering Holdings Limited.xlsx,0,TRUE,TRUE
M1 Engineering Holdings Limited20_??????????(Confirmation of non-recurring events),?????,?????????????????,M1 Engineering Holdings Limited,040700,?,,20,20_??????????(Confirmation of non-recurring events),?,0.???(Out of scope),2026/5/26 9:07,FALSE,M1HD????????M1Engineering????????????48k???????????????????????????,https://airwatero365.sharepoint.com/sites/Guest_AW2026316/Shared Documents/01_?????????????/04_?????????????????/040700_M1 Engineering Holdings Limited/10_self-inspection/00_Progress Tracking/????_040700_M1 Engineering Holdings Limited.xlsx,0,TRUE,TRUE
M1 Engineering Holdings Limited21_?????????????(Document the basis for recording estimated expenses),?????,?????????????????,M1 Engineering Holdings Limited,040700,?,,21,21_?????????????(Document the basis for recording estimated expenses),?,0.???(Out of scope),2026/5/26 9:07,FALSE,M1HD????????M1Engineering????????????48k???????????????????????????,https://airwatero365.sharepoint.com/sites/Guest_AW2026316/Shared Documents/01_?????????????/04_?????????????????/040700_M1 Engineering Holdings Limited/10_self-inspection/00_Progress Tracking/????_040700_M1 Engineering Holdings Limited.xlsx,0,TRUE,TRUE
M1 Engineering Holdings Limited22_?????????(Review of disposal transactions for fixed assets),?????,?????????????????,M1 Engineering Holdings Limited,040700,?,,22,22_?????????(Review of disposal transactions for fixed assets),?,0.???(Out of scope),2026/5/26 9:07,FALSE,M1HD????????M1Engineering????????????48k???????????????????????????,https://airwatero365.sharepoint.com/sites/Guest_AW2026316/Shared Documents/01_?????????????/04_?????????????????/040700_M1 Engineering Holdings Limited/10_self-inspection/00_Progress Tracking/????_040700_M1 Engineering Holdings Limited.xlsx,0,TRUE,TRUE
M1 Engineering Holdings Limited23_?????????????????(Capitalized items based on repair costs and development related expenditure),?????,?????????????????,M1 Engineering Holdings Limited,040700,?,,23,23_?????????????????(Capitalized items based on repair costs and development related expenditure),?,0.???(Out of scope),2026/5/26 9:07,FALSE,M1HD????????M1Engineering????????????48k???????????????????????????,https://airwatero365.sharepoint.com/sites/Guest_AW2026316/Shared Documents/01_?????????????/04_?????????????????/040700_M1 Engineering Holdings Limited/10_self-inspection/00_Progress Tracking/????_040700_M1 Engineering Holdings Limited.xlsx,0,TRUE,TRUE
M1 Engineering Holdings Limited26_??????????????????(Basis materials for recording bonus provisions and comparison with payment amounts),?????,?????????????????,M1 Engineering Holdings Limited,040700,?,,26,26_??????????????????(Basis materials for recording bonus provisions and comparison with payment amounts),?,0.???(Out of scope),2026/5/26 9:07,FALSE,M1HD???????????0???????????,https://airwatero365.sharepoint.com/sites/Guest_AW2026316/Shared Documents/01_?????????????/04_?????????????????/040700_M1 Engineering Holdings Limited/10_self-inspection/00_Progress Tracking/????_040700_M1 Engineering Holdings Limited.xlsx,0,TRUE,TRUE
???????????(?)10_???????????(Monthly trend analysis of construction project budgets),???????,???????????(?),???????????(?),240000,?,?,10,10_???????????(Monthly trend analysis of construction project budgets),?,0.???(Out of scope),2026/5/26 9:07,FALSE,?????????????????????????,https://airwatero365.sharepoint.com/sites/Guest_AW2026316/Shared Documents/01_?????????????/24_AW???/240000_AW????/10_????/00_????/????_240000_AW????.xlsx,1,TRUE,TRUE
???????????(?)11_???????????????????(Analysis of construction project purchasing data and raw material inventory movements),???????,???????????(?),???????????(?),240000,?,?,11,11_???????????????????(Analysis of construction project purchasing data and raw material inventory movements),?,0.???(Out of scope),2026/5/26 9:07,FALSE,?????????????????????????,https://airwatero365.sharepoint.com/sites/Guest_AW2026316/Shared Documents/01_?????????????/24_AW???/240000_AW????/10_????/00_????/????_240000_AW????.xlsx,1,TRUE,TRUE
???????????(?)12_??????????(Monthly trend analysis of construction project progress rates),???????,???????????(?),???????????(?),240000,?,?,12,12_??????????(Monthly trend analysis of construction project progress rates),?,0.???(Out of scope),2026/5/26 9:07,FALSE,?????????????????????????,https://airwatero365.sharepoint.com/sites/Guest_AW2026316/Shared Documents/01_?????????????/24_AW???/240000_AW????/10_????/00_????/????_240000_AW????.xlsx,1,TRUE,TRUE
??????(?)01_??????(AR Balance Confirmation),???&???,???????,??????(?),150100,?,,01,01_??????(AR Balance Confirmation),?,0.???(Out of scope),2026/5/26 9:07,FALSE,"???????2025??????????????????????
???????????????????????",https://airwatero365.sharepoint.com/sites/Guest_AW2026316/Shared Documents/01_?????????????/15_???????/150100_???????/10_????/00_????/????_150100_???????.xlsx,1,FALSE,FALSE
??????(?)08_???????(Review of Detailed sales records),???&???,???????,??????(?),150100,?,,08,08_???????(Review of Detailed sales records),?,0.???(Out of scope),2026/5/26 9:07,FALSE,"???????2025??????????????????????
???????????????????????",https://airwatero365.sharepoint.com/sites/Guest_AW2026316/Shared Documents/01_?????????????/15_???????/150100_???????/10_????/00_????/????_150100_???????.xlsx,0,FALSE,FALSE
????????????(?)25_?????????????(Preparation and submission of impairment assessment materials),???????,???????????(?),????????????(?),230400,?,,25,25_?????????????(Preparation and submission of impairment assessment materials),?,0.???(Out of scope),2026/5/26 9:07,FALSE,????????????????????????,https://airwatero365.sharepoint.com/sites/Guest_AW2026316/Shared Documents/01_?????????????/23_AW???/230400_AW????/10_????/00_????/????_230400_AW????.xlsx,1,TRUE,TRUE
????(?)23_?????????????????(Capitalized items based on repair costs and development related expenditure),?????,??????????????,????(?),020700,?,,23,23_?????????????????(Capitalized items based on repair costs and development related expenditure),?,0.???(Out of scope),2026/5/26 9:07,FALSE,????????,https://airwatero365.sharepoint.com/sites/Guest_AW2026316/Shared Documents/01_?????????????/02_????????????/020700_?????/10_????/00_????/????_020700_?????.xlsx,0,FALSE,FALSE
???????????(?)23_?????????????????(Capitalized items based on repair costs and development related expenditure),???????,???????????(?),???????????(?),220000,?,?,23,23_?????????????????(Capitalized items based on repair costs and development related expenditure),?,0.???(Out of scope),2026/5/26 9:07,FALSE,"????
????????????????????????",https://airwatero365.sharepoint.com/sites/Guest_AW2026316/Shared Documents/01_?????????????/22_AW???/220000_AW????/10_????/00_????/????_220000_AW????.xlsx,1,TRUE,FALSE
??????????????????23_?????????????????(Capitalized items based on repair costs and development related expenditure),???????,???????????(?),??????????????????,220100,?,?,23,23_?????????????????(Capitalized items based on repair costs and development related expenditure),?,0.???(Out of scope),2026/5/26 9:07,FALSE,"????
????????????????????????",https://airwatero365.sharepoint.com/sites/Guest_AW2026316/Shared Documents/01_?????????????/22_AW???/220100_AW????????/10_????/00_????/????_220100_AW????????.xlsx,1,TRUE,FALSE
???????????????????(?)23_?????????????????(Capitalized items based on repair costs and development related expenditure),???????,???????????(?),???????????????????(?),220200,?,?,23,23_?????????????????(Capitalized items based on repair costs and development related expenditure),?,0.???(Out of scope),2026/5/26 9:07,FALSE,"????
????????????????????????",https://airwatero365.sharepoint.com/sites/Guest_AW2026316/Shared Documents/01_?????????????/22_AW???/220200_AW???????????/10_????/00_????/????_220200_AW???????????.xlsx,1,TRUE,FALSE
???????????(?)19_????????????????(Check for invoices that should be recorded as expenses in the current period),?????,??????????????,???????????(?),020100,?,,19,19_????????????????(Check for invoices that should be recorded as expenses in the current period),?,0.???(Out of scope),2026/5/26 9:07,FALSE,?????????????????????,https://airwatero365.sharepoint.com/sites/Guest_AW2026316/Shared Documents/01_?????????????/02_????????????/020100_????????????/10_????/00_????/????_020100_????????????.xlsx,0,TRUE,TRUE
??????????????(?)19_????????????????(Check for invoices that should be recorded as expenses in the current period),?????,??????????????,??????????????(?),020300,?,?,19,19_????????????????(Check for invoices that should be recorded as expenses in the current period),?,0.???(Out of scope),2026/5/26 9:07,FALSE,?????????????????????,https://airwatero365.sharepoint.com/sites/Guest_AW2026316/Shared Documents/01_?????????????/02_????????????/020300_AW??????/10_????/00_????/????_020300_AW??????.xlsx,0,TRUE,TRUE
????(?)19_????????????????(Check for invoices that should be recorded as expenses in the current period),?????,??????????????,????(?),020700,?,,19,19_????????????????(Check for invoices that should be recorded as expenses in the current period),?,0.???(Out of scope),2026/5/26 9:07,FALSE,?????????????????????,https://airwatero365.sharepoint.com/sites/Guest_AW2026316/Shared Documents/01_?????????????/02_????????????/020700_?????/10_????/00_????/????_020700_?????.xlsx,0,TRUE,TRUE
(?)Ci????03_??????(Fixed Asset Inspection),??,??????????,(?)Ci????,100215,?,,03,03_??????(Fixed Asset Inspection),?,0.???(Out of scope),2026/5/26 9:07,FALSE,???????????????,https://airwatero365.sharepoint.com/sites/Guest_AW2026316/Shared Documents/01_?????????????/10_??????????/100215_(?)Ci????/10_????/00_????/AWPMO??????????/????_100215_(?)Ci????.xlsx,1,FALSE,FALSE
(?)Ci????04_????(Review of Overdue Receivables),??,??????????,(?)Ci????,100215,?,,04,04_????(Review of Overdue Receivables),?,0.???(Out of scope),2026/5/26 9:07,FALSE,???????????????,https://airwatero365.sharepoint.com/sites/Guest_AW2026316/Shared Documents/01_?????????????/10_??????????/100215_(?)Ci????/10_????/00_????/AWPMO??????????/????_100215_(?)Ci????.xlsx,1,FALSE,FALSE
(?)Ci????05_?????????????????(Negative Sales Entries and Sales Reversal Transactions),??,??????????,(?)Ci????,100215,?,,05,05_?????????????????(Negative Sales Entries and Sales Reversal Transactions),?,0.???(Out of scope),2026/5/26 9:07,FALSE,???????????????,https://airwatero365.sharepoint.com/sites/Guest_AW2026316/Shared Documents/01_?????????????/10_??????????/100215_(?)Ci????/10_????/00_????/AWPMO??????????/????_100215_(?)Ci????.xlsx,1,FALSE,FALSE
(?)Ci????06_???????????(Monthly Trend Analysis of Sales and Gross Profit),??,??????????,(?)Ci????,100215,?,,06,06_???????????(Monthly Trend Analysis of Sales and Gross Profit),?,0.???(Out of scope),2026/5/26 9:07,FALSE,???????????????,https://airwatero365.sharepoint.com/sites/Guest_AW2026316/Shared Documents/01_?????????????/10_??????????/100215_(?)Ci????/10_????/00_????/AWPMO??????????/????_100215_(?)Ci????.xlsx,1,FALSE,FALSE
(?)Ci????08_???????(Review of Detailed sales records),??,??????????,(?)Ci????,100215,?,,08,08_???????(Review of Detailed sales records),?,0.???(Out of scope),2026/5/26 9:07,FALSE,???????????????,https://airwatero365.sharepoint.com/sites/Guest_AW2026316/Shared Documents/01_?????????????/10_??????????/100215_(?)Ci????/10_????/00_????/AWPMO??????????/????_100215_(?)Ci????.xlsx,1,FALSE,FALSE
(?)Ci????18_??????????(Monthly trend analysis of each expense),??,??????????,(?)Ci????,100215,?,,18,18_??????????(Monthly trend analysis of each expense),?,0.???(Out of scope),2026/5/26 9:07,FALSE,???????????????,https://airwatero365.sharepoint.com/sites/Guest_AW2026316/Shared Documents/01_?????????????/10_??????????/100215_(?)Ci????/10_????/00_????/AWPMO??????????/????_100215_(?)Ci????.xlsx,1,FALSE,FALSE
(?)Ci????19_????????????????(Check for invoices that should be recorded as expenses in the current period),??,??????????,(?)Ci????,100215,?,,19,19_????????????????(Check for invoices that should be recorded as expenses in the current period),?,0.???(Out of scope),2026/5/26 9:07,FALSE,???????????????,https://airwatero365.sharepoint.com/sites/Guest_AW2026316/Shared Documents/01_?????????????/10_??????????/100215_(?)Ci????/10_????/00_????/AWPMO??????????/????_100215_(?)Ci????.xlsx,1,FALSE,FALSE
(?)Ci????20_??????????(Confirmation of non-recurring events),??,??????????,(?)Ci????,100215,?,,20,20_??????????(Confirmation of non-recurring events),?,0.???(Out of scope),2026/5/26 9:07,FALSE,???????????????,https://airwatero365.sharepoint.com/sites/Guest_AW2026316/Shared Documents/01_?????????????/10_??????????/100215_(?)Ci????/10_????/00_????/AWPMO??????????/????_100215_(?)Ci????.xlsx,1,FALSE,FALSE
(?)Ci????21_?????????????(Document the basis for recording estimated expenses),??,??????????,(?)Ci????,100215,?,,21,21_?????????????(Document the basis for recording estimated expenses),?,0.???(Out of scope),2026/5/26 9:07,FALSE,???????????????,https://airwatero365.sharepoint.com/sites/Guest_AW2026316/Shared Documents/01_?????????????/10_??????????/100215_(?)Ci????/10_????/00_????/AWPMO??????????/????_100215_(?)Ci????.xlsx,1,FALSE,FALSE
(?)Ci????22_?????????(Review of disposal transactions for fixed assets),??,??????????,(?)Ci????,100215,?,,22,22_?????????(Review of disposal transactions for fixed assets),?,0.???(Out of scope),2026/5/26 9:07,FALSE,???????????????,https://airwatero365.sharepoint.com/sites/Guest_AW2026316/Shared Documents/01_?????????????/10_??????????/100215_(?)Ci????/10_????/00_????/AWPMO??????????/????_100215_(?)Ci????.xlsx,1,FALSE,FALSE
(?)Ci????23_?????????????????(Capitalized items based on repair costs and development related expenditure),??,??????????,(?)Ci????,100215,?,,23,23_?????????????????(Capitalized items based on repair costs and development related expenditure),?,0.???(Out of scope),2026/5/26 9:07,FALSE,???????????????,https://airwatero365.sharepoint.com/sites/Guest_AW2026316/Shared Documents/01_?????????????/10_??????????/100215_(?)Ci????/10_????/00_????/AWPMO??????????/????_100215_(?)Ci????.xlsx,1,FALSE,FALSE
(?)Ci????25_?????????????(Preparation and submission of impairment assessment materials),??,??????????,(?)Ci????,100215,?,,25,25_?????????????(Preparation and submission of impairment assessment materials),?,0.???(Out of scope),2026/5/26 9:07,FALSE,???????????????,https://airwatero365.sharepoint.com/sites/Guest_AW2026316/Shared Documents/01_?????????????/10_??????????/100215_(?)Ci????/10_????/00_????/AWPMO??????????/????_100215_(?)Ci????.xlsx,1,FALSE,FALSE
(?)Ci????26_??????????????????(Basis materials for recording bonus provisions and comparison with payment amounts),??,??????????,(?)Ci????,100215,?,,26,26_??????????????????(Basis materials for recording bonus provisions and comparison with payment amounts),?,0.???(Out of scope),2026/5/26 9:07,FALSE,???????????????,https://airwatero365.sharepoint.com/sites/Guest_AW2026316/Shared Documents/01_?????????????/10_??????????/100215_(?)Ci????/10_????/00_????/AWPMO??????????/????_100215_(?)Ci????.xlsx,1,FALSE,FALSE
"Ci Korea Co., Ltd03_??????(Fixed Asset Inspection)",??,??????????,"Ci Korea Co., Ltd",100218,?,,03,03_??????(Fixed Asset Inspection),?,0.???(Out of scope),2026/5/26 9:07,FALSE,???????????????,"https://airwatero365.sharepoint.com/sites/Guest_AW2026316/Shared Documents/01_?????????????/10_??????????/100218_Ci Korea Co., Ltd/10_self-inspection/00_Progress Tracking/AWPMO??????????/????_100218_Ci Korea Co., Ltd.xlsx",1,FALSE,FALSE
"Ci Korea Co., Ltd04_????(Review of Overdue Receivables)",??,??????????,"Ci Korea Co., Ltd",100218,?,,04,04_????(Review of Overdue Receivables),?,0.???(Out of scope),2026/5/26 9:07,FALSE,???????????????,"https://airwatero365.sharepoint.com/sites/Guest_AW2026316/Shared Documents/01_?????????????/10_??????????/100218_Ci Korea Co., Ltd/10_self-inspection/00_Progress Tracking/AWPMO??????????/????_100218_Ci Korea Co., Ltd.xlsx",1,FALSE,FALSE
"Ci Korea Co., Ltd05_?????????????????(Negative Sales Entries and Sales Reversal Transactions)",??,??????????,"Ci Korea Co., Ltd",100218,?,,05,05_?????????????????(Negative Sales Entries and Sales Reversal Transactions),?,0.???(Out of scope),2026/5/26 9:07,FALSE,???????????????,"https://airwatero365.sharepoint.com/sites/Guest_AW2026316/Shared Documents/01_?????????????/10_??????????/100218_Ci Korea Co., Ltd/10_self-inspection/00_Progress Tracking/AWPMO??????????/????_100218_Ci Korea Co., Ltd.xlsx",1,FALSE,FALSE
"Ci Korea Co., Ltd06_???????????(Monthly Trend Analysis of Sales and Gross Profit)",??,??????????,"Ci Korea Co., Ltd",100218,?,,06,06_???????????(Monthly Trend Analysis of Sales and Gross Profit),?,0.???(Out of scope),2026/5/26 9:07,FALSE,???????????????,"https://airwatero365.sharepoint.com/sites/Guest_AW2026316/Shared Documents/01_?????????????/10_??????????/100218_Ci Korea Co., Ltd/10_self-inspection/00_Progress Tracking/AWPMO??????????/????_100218_Ci Korea Co., Ltd.xlsx",1,FALSE,FALSE
"Ci Korea Co., Ltd08_???????(Review of Detailed sales records)",??,??????????,"Ci Korea Co., Ltd",100218,?,,08,08_???????(Review of Detailed sales records),?,0.???(Out of scope),2026/5/26 9:07,FALSE,???????????????,"https://airwatero365.sharepoint.com/sites/Guest_AW2026316/Shared Documents/01_?????????????/10_??????????/100218_Ci Korea Co., Ltd/10_self-inspection/00_Progress Tracking/AWPMO??????????/????_100218_Ci Korea Co., Ltd.xlsx",1,FALSE,FALSE
"Ci Korea Co., Ltd18_??????????(Monthly trend analysis of each expense)",??,??????????,"Ci Korea Co., Ltd",100218,?,,18,18_??????????(Monthly trend analysis of each expense),?,0.???(Out of scope),2026/5/26 9:07,FALSE,???????????????,"https://airwatero365.sharepoint.com/sites/Guest_AW2026316/Shared Documents/01_?????????????/10_??????????/100218_Ci Korea Co., Ltd/10_self-inspection/00_Progress Tracking/AWPMO??????????/????_100218_Ci Korea Co., Ltd.xlsx",1,FALSE,FALSE
"Ci Korea Co., Ltd19_????????????????(Check for invoices that should be recorded as expenses in the current period)",??,??????????,"Ci Korea Co., Ltd",100218,?,,19,19_????????????????(Check for invoices that should be recorded as expenses in the current period),?,0.???(Out of scope),2026/5/26 9:07,FALSE,???????????????,"https://airwatero365.sharepoint.com/sites/Guest_AW2026316/Shared Documents/01_?????????????/10_??????????/100218_Ci Korea Co., Ltd/10_self-inspection/00_Progress Tracking/AWPMO??????????/????_100218_Ci Korea Co., Ltd.xlsx",1,FALSE,FALSE
"Ci Korea Co., Ltd20_??????????(Confirmation of non-recurring events)",??,??????????,"Ci Korea Co., Ltd",100218,?,,20,20_??????????(Confirmation of non-recurring events),?,0.???(Out of scope),2026/5/26 9:07,FALSE,???????????????,"https://airwatero365.sharepoint.com/sites/Guest_AW2026316/Shared Documents/01_?????????????/10_??????????/100218_Ci Korea Co., Ltd/10_self-inspection/00_Progress Tracking/AWPMO??????????/????_100218_Ci Korea Co., Ltd.xlsx",1,FALSE,FALSE
"Ci Korea Co., Ltd21_?????????????(Document the basis for recording estimated expenses)",??,??????????,"Ci Korea Co., Ltd",100218,?,,21,21_?????????????(Document the basis for recording estimated expenses),?,0.???(Out of scope),2026/5/26 9:07,FALSE,???????????????,"https://airwatero365.sharepoint.com/sites/Guest_AW2026316/Shared Documents/01_?????????????/10_??????????/100218_Ci Korea Co., Ltd/10_self-inspection/00_Progress Tracking/AWPMO??????????/????_100218_Ci Korea Co., Ltd.xlsx",1,FALSE,FALSE
"Ci Korea Co., Ltd22_?????????(Review of disposal transactions for fixed assets)",??,??????????,"Ci Korea Co., Ltd",100218,?,,22,22_?????????(Review of disposal transactions for fixed assets),?,0.???(Out of scope),2026/5/26 9:07,FALSE,???????????????,"https://airwatero365.sharepoint.com/sites/Guest_AW2026316/Shared Documents/01_?????????????/10_??????????/100218_Ci Korea Co., Ltd/10_self-inspection/00_Progress Tracking/AWPMO??????????/????_100218_Ci Korea Co., Ltd.xlsx",1,FALSE,FALSE
"Ci Korea Co., Ltd23_?????????????????(Capitalized items based on repair costs and development related expenditure)",??,??????????,"Ci Korea Co., Ltd",100218,?,,23,23_?????????????????(Capitalized items based on repair costs and development related expenditure),?,0.???(Out of scope),2026/5/26 9:07,FALSE,???????????????,"https://airwatero365.sharepoint.com/sites/Guest_AW2026316/Shared Documents/01_?????????????/10_??????????/100218_Ci Korea Co., Ltd/10_self-inspection/00_Progress Tracking/AWPMO??????????/????_100218_Ci Korea Co., Ltd.xlsx",1,FALSE,FALSE
"Ci Korea Co., Ltd25_?????????????(Preparation and submission of impairment assessment materials)",??,??????????,"Ci Korea Co., Ltd",100218,?,,25,25_?????????????(Preparation and submission of impairment assessment materials),?,0.???(Out of scope),2026/5/26 9:07,FALSE,???????????????,"https://airwatero365.sharepoint.com/sites/Guest_AW2026316/Shared Documents/01_?????????????/10_??????????/100218_Ci Korea Co., Ltd/10_self-inspection/00_Progress Tracking/AWPMO??????????/????_100218_Ci Korea Co., Ltd.xlsx",1,FALSE,FALSE
"Ci Korea Co., Ltd26_??????????????????(Basis materials for recording bonus provisions and comparison with payment amounts)",??,??????????,"Ci Korea Co., Ltd",100218,?,,26,26_??????????????????(Basis materials for recording bonus provisions and comparison with payment amounts),?,0.???(Out of scope),2026/5/26 9:07,FALSE,???????????????,"https://airwatero365.sharepoint.com/sites/Guest_AW2026316/Shared Documents/01_?????????????/10_??????????/100218_Ci Korea Co., Ltd/10_self-inspection/00_Progress Tracking/AWPMO??????????/????_100218_Ci Korea Co., Ltd.xlsx",1,FALSE,FALSE
"Arizona Air Pro, LLC01_??????(AR Balance Confirmation)",?????,?????????????????,"Arizona Air Pro, LLC",040406,?,,01,01_??????(AR Balance Confirmation),?,0.???(Out of scope),2026/5/26 9:07,FALSE,???????????AZS?????????????,"https://airwatero365.sharepoint.com/sites/Guest_AW2026316/Shared Documents/01_?????????????/04_?????????????????/040406_Arizona Air Pro, LLC/10_self-inspection/00_Progress Tracking/????_040406_Arizona Air Pro, LLC.xlsx",0,FALSE,FALSE
"Arizona Air Pro, LLC03_??????(Fixed Asset Inspection)",?????,?????????????????,"Arizona Air Pro, LLC",040406,?,,03,03_??????(Fixed Asset Inspection),?,0.???(Out of scope),2026/5/26 9:07,FALSE,???????????AZS?????????????,"https://airwatero365.sharepoint.com/sites/Guest_AW2026316/Shared Documents/01_?????????????/04_?????????????????/040406_Arizona Air Pro, LLC/10_self-inspection/00_Progress Tracking/????_040406_Arizona Air Pro, LLC.xlsx",0,FALSE,FALSE
"Arizona Air Pro, LLC04_????(Review of Overdue Receivables)",?????,?????????????????,"Arizona Air Pro, LLC",040406,?,,04,04_????(Review of Overdue Receivables),?,0.???(Out of scope),2026/5/26 9:07,FALSE,???????????AZS?????????????,"https://airwatero365.sharepoint.com/sites/Guest_AW2026316/Shared Documents/01_?????????????/04_?????????????????/040406_Arizona Air Pro, LLC/10_self-inspection/00_Progress Tracking/????_040406_Arizona Air Pro, LLC.xlsx",0,FALSE,FALSE
"Arizona Air Pro, LLC05_?????????????????(Negative Sales Entries and Sales Reversal Transactions)",?????,?????????????????,"Arizona Air Pro, LLC",040406,?,,05,05_?????????????????(Negative Sales Entries and Sales Reversal Transactions),?,0.???(Out of scope),2026/5/26 9:07,FALSE,???????????AZS?????????????,"https://airwatero365.sharepoint.com/sites/Guest_AW2026316/Shared Documents/01_?????????????/04_?????????????????/040406_Arizona Air Pro, LLC/10_self-inspection/00_Progress Tracking/????_040406_Arizona Air Pro, LLC.xlsx",0,FALSE,FALSE
"Arizona Air Pro, LLC06_???????????(Monthly Trend Analysis of Sales and Gross Profit)",?????,?????????????????,"Arizona Air Pro, LLC",040406,?,,06,06_???????????(Monthly Trend Analysis of Sales and Gross Profit),?,0.???(Out of scope),2026/5/26 9:07,FALSE,???????????AZS?????????????,"https://airwatero365.sharepoint.com/sites/Guest_AW2026316/Shared Documents/01_?????????????/04_?????????????????/040406_Arizona Air Pro, LLC/10_self-inspection/00_Progress Tracking/????_040406_Arizona Air Pro, LLC.xlsx",0,FALSE,FALSE
"Arizona Air Pro, LLC08_???????(Review of Detailed sales records)",?????,?????????????????,"Arizona Air Pro, LLC",040406,?,,08,08_???????(Review of Detailed sales records),?,0.???(Out of scope),2026/5/26 9:07,FALSE,???????????AZS?????????????,"https://airwatero365.sharepoint.com/sites/Guest_AW2026316/Shared Documents/01_?????????????/04_?????????????????/040406_Arizona Air Pro, LLC/10_self-inspection/00_Progress Tracking/????_040406_Arizona Air Pro, LLC.xlsx",0,FALSE,FALSE
"Arizona Air Pro, LLC18_??????????(Monthly trend analysis of each expense)",?????,?????????????????,"Arizona Air Pro, LLC",040406,?,,18,18_??????????(Monthly trend analysis of each expense),?,0.???(Out of scope),2026/5/26 9:07,FALSE,???????????AZS?????????????,"https://airwatero365.sharepoint.com/sites/Guest_AW2026316/Shared Documents/01_?????????????/04_?????????????????/040406_Arizona Air Pro, LLC/10_self-inspection/00_Progress Tracking/????_040406_Arizona Air Pro, LLC.xlsx",0,FALSE,FALSE
"Arizona Air Pro, LLC19_????????????????(Check for invoices that should be recorded as expenses in the current period)",?????,?????????????????,"Arizona Air Pro, LLC",040406,?,,19,19_????????????????(Check for invoices that should be recorded as expenses in the current period),?,0.???(Out of scope),2026/5/26 9:07,FALSE,???????????AZS?????????????,"https://airwatero365.sharepoint.com/sites/Guest_AW2026316/Shared Documents/01_?????????????/04_?????????????????/040406_Arizona Air Pro, LLC/10_self-inspection/00_Progress Tracking/????_040406_Arizona Air Pro, LLC.xlsx",0,FALSE,FALSE
"Arizona Air Pro, LLC20_??????????(Confirmation of non-recurring events)",?????,?????????????????,"Arizona Air Pro, LLC",040406,?,,20,20_??????????(Confirmation of non-recurring events),?,0.???(Out of scope),2026/5/26 9:07,FALSE,???????????AZS?????????????,"https://airwatero365.sharepoint.com/sites/Guest_AW2026316/Shared Documents/01_?????????????/04_?????????????????/040406_Arizona Air Pro, LLC/10_self-inspection/00_Progress Tracking/????_040406_Arizona Air Pro, LLC.xlsx",0,FALSE,FALSE
"Arizona Air Pro, LLC21_?????????????(Document the basis for recording estimated expenses)",?????,?????????????????,"Arizona Air Pro, LLC",040406,?,,21,21_?????????????(Document the basis for recording estimated expenses),?,0.???(Out of scope),2026/5/26 9:07,FALSE,???????????AZS?????????????,"https://airwatero365.sharepoint.com/sites/Guest_AW2026316/Shared Documents/01_?????????????/04_?????????????????/040406_Arizona Air Pro, LLC/10_self-inspection/00_Progress Tracking/????_040406_Arizona Air Pro, LLC.xlsx",0,FALSE,FALSE
"Arizona Air Pro, LLC22_?????????(Review of disposal transactions for fixed assets)",?????,?????????????????,"Arizona Air Pro, LLC",040406,?,,22,22_?????????(Review of disposal transactions for fixed assets),?,0.???(Out of scope),2026/5/26 9:07,FALSE,???????????AZS?????????????,"https://airwatero365.sharepoint.com/sites/Guest_AW2026316/Shared Documents/01_?????????????/04_?????????????????/040406_Arizona Air Pro, LLC/10_self-inspection/00_Progress Tracking/????_040406_Arizona Air Pro, LLC.xlsx",0,FALSE,FALSE
"Arizona Air Pro, LLC23_?????????????????(Capitalized items based on repair costs and development related expenditure)",?????,?????????????????,"Arizona Air Pro, LLC",040406,?,,23,23_?????????????????(Capitalized items based on repair costs and development related expenditure),?,0.???(Out of scope),2026/5/26 9:07,FALSE,???????????AZS?????????????,"https://airwatero365.sharepoint.com/sites/Guest_AW2026316/Shared Documents/01_?????????????/04_?????????????????/040406_Arizona Air Pro, LLC/10_self-inspection/00_Progress Tracking/????_040406_Arizona Air Pro, LLC.xlsx",0,FALSE,FALSE
"Arizona Air Pro, LLC25_?????????????(Preparation and submission of impairment assessment materials)",?????,?????????????????,"Arizona Air Pro, LLC",040406,?,,25,25_?????????????(Preparation and submission of impairment assessment materials),?,0.???(Out of scope),2026/5/26 9:07,FALSE,???????????AZS?????????????,"https://airwatero365.sharepoint.com/sites/Guest_AW2026316/Shared Documents/01_?????????????/04_?????????????????/040406_Arizona Air Pro, LLC/10_self-inspection/00_Progress Tracking/????_040406_Arizona Air Pro, LLC.xlsx",0,FALSE,FALSE
"Arizona Air Pro, LLC26_??????????????????(Basis materials for recording bonus provisions and comparison with payment amounts)",?????,?????????????????,"Arizona Air Pro, LLC",040406,?,,26,26_??????????????????(Basis materials for recording bonus provisions and comparison with payment amounts),?,0.???(Out of scope),2026/5/26 9:07,FALSE,???????????AZS?????????????,"https://airwatero365.sharepoint.com/sites/Guest_AW2026316/Shared Documents/01_?????????????/04_?????????????????/040406_Arizona Air Pro, LLC/10_self-inspection/00_Progress Tracking/????_040406_Arizona Air Pro, LLC.xlsx",0,FALSE,FALSE
Power Partners Private Limited26_??????????????????(Basis materials for recording bonus provisions and comparison with payment amounts),?????,?????????????????,Power Partners Private Limited,040600,?,?,26,26_??????????????????(Basis materials for recording bonus provisions and comparison with payment amounts),?,0.???(Out of scope),2026/5/26 9:07,TRUE,,https://airwatero365.sharepoint.com/sites/Guest_AW2026316/Shared Documents/01_?????????????/04_?????????????????/040600_Power Partners Private Limited/10_self-inspection/00_Progress Tracking/????_040600_Power Partners Private Limited.xlsx,0,FALSE,FALSE
"Arizona Air Pro, LLC27_???????????(Self-inspection checklist)",?????,?????????????????,"Arizona Air Pro, LLC",040406,?,,27,27_???????????(Self-inspection checklist),?,0.???(Out of scope),2026/5/26 9:07,FALSE,???????????AZS?????????????,"https://airwatero365.sharepoint.com/sites/Guest_AW2026316/Shared Documents/01_?????????????/04_?????????????????/040406_Arizona Air Pro, LLC/10_self-inspection/00_Progress Tracking/????_040406_Arizona Air Pro, LLC.xlsx",0,FALSE,FALSE
???????????(?)23_?????????????????(Capitalized items based on repair costs and development related expenditure),?????,??????????????,???????????(?),020100,?,,23,23_?????????????????(Capitalized items based on repair costs and development related expenditure),?,0.???(Out of scope),2026/5/26 9:07,FALSE,???????????????????????????,https://airwatero365.sharepoint.com/sites/Guest_AW2026316/Shared Documents/01_?????????????/02_????????????/020100_????????????/10_????/00_????/????_020100_????????????.xlsx,0,FALSE,FALSE
?????????????(?)08_???????(Review of Detailed sales records),?????,??????????????,?????????????(?),020500,?,,08,08_???????(Review of Detailed sales records),?,0.???(Out of scope),2026/5/26 9:07,FALSE,???????????????????,https://airwatero365.sharepoint.com/sites/Guest_AW2026316/Shared Documents/01_?????????????/02_????????????/020500_??????????????/10_????/00_????/????_020500_??????????????.xlsx,0,TRUE,TRUE
?????????????(?)21_?????????????(Document the basis for recording estimated expenses),?????,??????????????,?????????????(?),020500,?,,21,21_?????????????(Document the basis for recording estimated expenses),?,0.???(Out of scope),2026/5/26 9:07,FALSE,?????????????????????,https://airwatero365.sharepoint.com/sites/Guest_AW2026316/Shared Documents/01_?????????????/02_????????????/020500_??????????????/10_????/00_????/????_020500_??????????????.xlsx,0,FALSE,FALSE
???????????(?)21_?????????????(Document the basis for recording estimated expenses),???????,???????????(?),???????????(?),220000,?,?,21,21_?????????????(Document the basis for recording estimated expenses),?,0.???(Out of scope),2026/5/26 9:07,FALSE,"????????
No.20????",https://airwatero365.sharepoint.com/sites/Guest_AW2026316/Shared Documents/01_?????????????/22_AW???/220000_AW????/10_????/00_????/????_220000_AW????.xlsx,1,TRUE,FALSE
??????????????????21_?????????????(Document the basis for recording estimated expenses),???????,???????????(?),??????????????????,220100,?,?,21,21_?????????????(Document the basis for recording estimated expenses),?,0.???(Out of scope),2026/5/26 9:07,FALSE,"????????
No.20????",https://airwatero365.sharepoint.com/sites/Guest_AW2026316/Shared Documents/01_?????????????/22_AW???/220100_AW????????/10_????/00_????/????_220100_AW????????.xlsx,1,TRUE,FALSE
(?)????21_?????????????(Document the basis for recording estimated expenses),???????,???????????(?),(?)????,220500,?,?,21,21_?????????????(Document the basis for recording estimated expenses),?,0.???(Out of scope),2026/5/26 9:07,FALSE,"????????
No.20????",https://airwatero365.sharepoint.com/sites/Guest_AW2026316/Shared Documents/01_?????????????/22_AW???/220500_?????/10_????/00_????/????_220500_?????.xlsx,1,TRUE,FALSE
?????????????(?)03_??????(Fixed Asset Inspection),?????,??????????????,?????????????(?),020500,?,,03,03_??????(Fixed Asset Inspection),?,0.???(Out of scope),2026/5/26 9:07,FALSE,???????????,https://airwatero365.sharepoint.com/sites/Guest_AW2026316/Shared Documents/01_?????????????/02_????????????/020500_??????????????/10_????/00_????/????_020500_??????????????.xlsx,0,FALSE,FALSE
?????????????(?)22_?????????(Review of disposal transactions for fixed assets),?????,??????????????,?????????????(?),020500,?,,22,22_?????????(Review of disposal transactions for fixed assets),?,0.???(Out of scope),2026/5/26 9:07,FALSE,???????????????????,https://airwatero365.sharepoint.com/sites/Guest_AW2026316/Shared Documents/01_?????????????/02_????????????/020500_??????????????/10_????/00_????/????_020500_??????????????.xlsx,0,FALSE,FALSE
??????(?)23_?????????????????(Capitalized items based on repair costs and development related expenditure),?????,??????????????,??????(?),020400,?,,23,23_?????????????????(Capitalized items based on repair costs and development related expenditure),?,0.???(Out of scope),2026/5/26 9:07,FALSE,???????BS???????????????????????????,https://airwatero365.sharepoint.com/sites/Guest_AW2026316/Shared Documents/01_?????????????/02_????????????/020400_???????/10_????/00_????/????_020400_???????.xlsx,0,FALSE,FALSE
???????????(?)20_??????????(Confirmation of non-recurring events),?????,??????????????,???????????(?),020100,?,,20,20_??????????(Confirmation of non-recurring events),?,0.???(Out of scope),2026/5/26 9:07,FALSE,???????,https://airwatero365.sharepoint.com/sites/Guest_AW2026316/Shared Documents/01_?????????????/02_????????????/020100_????????????/10_????/00_????/????_020100_????????????.xlsx,0,TRUE,TRUE
??????(?)22_?????????(Review of disposal transactions for fixed assets),?????,??????????????,??????(?),020800,?,?,22,22_?????????(Review of disposal transactions for fixed assets),?,0.???(Out of scope),2026/5/26 9:07,FALSE,????????????,https://airwatero365.sharepoint.com/sites/Guest_AW2026316/Shared Documents/01_?????????????/02_????????????/020800_???????/10_????/00_????/????_020800_???????.xlsx,0,FALSE,FALSE
(?)?????23_?????????????????(Capitalized items based on repair costs and development related expenditure),???????,???????????(?),(?)?????,240200,?,,23,23_?????????????????(Capitalized items based on repair costs and development related expenditure),?,0.???(Out of scope),2026/5/26 9:07,FALSE,???????????????????????????????????,https://airwatero365.sharepoint.com/sites/Guest_AW2026316/Shared Documents/01_?????????????/24_AW???/240200_??????/10_????/00_????/????_240200_??????.xlsx,1,TRUE,FALSE
????(?)22_?????????(Review of disposal transactions for fixed assets),???????,???????????(?),????(?),240300,?,,22,22_?????????(Review of disposal transactions for fixed assets),?,0.???(Out of scope),2026/5/26 9:07,FALSE,?????????????????????????No.22?????????????????????????????????PL??????????,https://airwatero365.sharepoint.com/sites/Guest_AW2026316/Shared Documents/01_?????????????/24_AW???/240300_?????/10_????/00_????/????_240300_?????.xlsx,1,TRUE,FALSE
????(?)22_?????????(Review of disposal transactions for fixed assets),???????,???????????(?),????(?),240600,?,,22,22_?????????(Review of disposal transactions for fixed assets),?,0.???(Out of scope),2026/5/26 9:07,FALSE,?????????????????????????No.22?????????????????????????????????PL??????????,https://airwatero365.sharepoint.com/sites/Guest_AW2026316/Shared Documents/01_?????????????/24_AW???/240600_?????/10_????/00_????/????_240600_?????.xlsx,1,TRUE,FALSE
????(?)05_?????????????????(Negative Sales Entries and Sales Reversal Transactions),?????,???????????????,????(?),060201,?,,05,05_?????????????????(Negative Sales Entries and Sales Reversal Transactions),?,0.???(Out of scope),2026/5/26 9:07,TRUE,,https://airwatero365.sharepoint.com/sites/Guest_AW2026316/Shared Documents/01_?????????????/06_???????????????/060201_?????/10_????/00_????/????_060201_?????.xlsx,0,FALSE,FALSE
????(?)21_?????????????(Document the basis for recording estimated expenses),?????,???????????????,????(?),060201,?,,21,21_?????????????(Document the basis for recording estimated expenses),?,0.???(Out of scope),2026/5/26 9:07,TRUE,,https://airwatero365.sharepoint.com/sites/Guest_AW2026316/Shared Documents/01_?????????????/06_???????????????/060201_?????/10_????/00_????/????_060201_?????.xlsx,0,FALSE,FALSE
????(?)22_?????????(Review of disposal transactions for fixed assets),?????,???????????????,????(?),060201,?,,22,22_?????????(Review of disposal transactions for fixed assets),?,0.???(Out of scope),2026/5/26 9:07,TRUE,,https://airwatero365.sharepoint.com/sites/Guest_AW2026316/Shared Documents/01_?????????????/06_???????????????/060201_?????/10_????/00_????/????_060201_?????.xlsx,0,FALSE,FALSE
????(?)23_?????????????????(Capitalized items based on repair costs and development related expenditure),?????,???????????????,????(?),060201,?,,23,23_?????????????????(Capitalized items based on repair costs and development related expenditure),?,0.???(Out of scope),2026/5/26 9:07,TRUE,,https://airwatero365.sharepoint.com/sites/Guest_AW2026316/Shared Documents/01_?????????????/06_???????????????/060201_?????/10_????/00_????/????_060201_?????.xlsx,0,FALSE,FALSE
????(?)22_?????????(Review of disposal transactions for fixed assets),???????,???????????(?),????(?),240700,?,,22,22_?????????(Review of disposal transactions for fixed assets),?,0.???(Out of scope),2026/5/26 9:07,FALSE,?????????????????????????No.22?????????????????????????????????PL??????????,https://airwatero365.sharepoint.com/sites/Guest_AW2026316/Shared Documents/01_?????????????/24_AW???/240700_?????/10_????/00_????/????_240700_?????.xlsx,1,TRUE,FALSE
(?)?????????22_?????????(Review of disposal transactions for fixed assets),???????,???????????(?),(?)?????????,241000,?,,22,22_?????????(Review of disposal transactions for fixed assets),?,0.???(Out of scope),2026/5/26 9:07,FALSE,?????????????????????????No.22?????????????????????????????????PL??????????,https://airwatero365.sharepoint.com/sites/Guest_AW2026316/Shared Documents/01_?????????????/24_AW???/241000_??????????/10_????/00_????/????_241000_??????????.xlsx,1,TRUE,FALSE
AT???????(?)26_??????????????????(Basis materials for recording bonus provisions and comparison with payment amounts),??,????????,AT???????(?),010604,?,,26,26_??????????????????(Basis materials for recording bonus provisions and comparison with payment amounts),?,0.???(Out of scope),2026/5/26 9:07,FALSE,?????????????,https://airwatero365.sharepoint.com/sites/Guest_AW2026316/Shared Documents/01_?????????????/01_????????/010604_AT???????(?)/10_????/00_????/????_010604_AT???????(?).xlsx,0,TRUE,FALSE
?????????????(?)23_?????????????????(Capitalized items based on repair costs and development related expenditure),?????,??????????????,?????????????(?),020500,?,,23,23_?????????????????(Capitalized items based on repair costs and development related expenditure),?,0.???(Out of scope),2026/5/26 9:07,FALSE,????1000???????????????,https://airwatero365.sharepoint.com/sites/Guest_AW2026316/Shared Documents/01_?????????????/02_????????????/020500_??????????????/10_????/00_????/????_020500_??????????????.xlsx,0,TRUE,TRUE
(?)??????25_?????????????(Preparation and submission of impairment assessment materials),??,?????,(?)??????,210101,?,,25,25_?????????????(Preparation and submission of impairment assessment materials),?,0.???(Out of scope),2026/5/26 9:07,FALSE,"??HD????????????????25????????????
??????Gr??????????????????????25????????(DT???????)",https://airwatero365.sharepoint.com/sites/Guest_AW2026316/Shared Documents/01_?????????????/21_?????/210101_(?)??????/10_????/00_????/????_210101_(?)??????.xlsx,1,FALSE,FALSE
(?)??????25_?????????????(Preparation and submission of impairment assessment materials),??,?????,(?)??????,210102,?,,25,25_?????????????(Preparation and submission of impairment assessment materials),?,0.???(Out of scope),2026/5/26 9:07,FALSE,"??HD????????????????25????????????
??????Gr??????????????????????25????????(DT???????)",https://airwatero365.sharepoint.com/sites/Guest_AW2026316/Shared Documents/01_?????????????/21_?????/210102_(?)??????/10_????/00_????/????_210102_(?)??????.xlsx,1,FALSE,FALSE
(?)????25_?????????????(Preparation and submission of impairment assessment materials),??,?????,(?)????,210103,?,,25,25_?????????????(Preparation and submission of impairment assessment materials),?,0.???(Out of scope),2026/5/26 9:07,FALSE,"??HD????????????????25????????????
??????Gr??????????????????????25????????(DT???????)",https://airwatero365.sharepoint.com/sites/Guest_AW2026316/Shared Documents/01_?????????????/21_?????/210103_(?)????/10_????/00_????/????_210103_(?)????.xlsx,1,FALSE,FALSE
????(?)25_?????????????(Preparation and submission of impairment assessment materials),??,?????,????(?),210104,?,,25,25_?????????????(Preparation and submission of impairment assessment materials),?,0.???(Out of scope),2026/5/26 9:07,FALSE,"??HD????????????????25????????????
??????Gr??????????????????????25????????(DT???????)",https://airwatero365.sharepoint.com/sites/Guest_AW2026316/Shared Documents/01_?????????????/21_?????/210104_????(?)/10_????/00_????/????_210104_????(?).xlsx,1,FALSE,FALSE
(?)???25_?????????????(Preparation and submission of impairment assessment materials),??,?????,(?)???,210105,?,,25,25_?????????????(Preparation and submission of impairment assessment materials),?,0.???(Out of scope),2026/5/26 9:07,FALSE,"??HD????????????????25????????????
??????Gr??????????????????????25????????(DT???????)",https://airwatero365.sharepoint.com/sites/Guest_AW2026316/Shared Documents/01_?????????????/21_?????/210105_(?)???/10_????/00_????/????_210105_(?)???.xlsx,1,FALSE,FALSE
(?)??????25_?????????????(Preparation and submission of impairment assessment materials),??,?????,(?)??????,210106,?,,25,25_?????????????(Preparation and submission of impairment assessment materials),?,0.???(Out of scope),2026/5/26 9:07,FALSE,"??HD????????????????25????????????
??????Gr??????????????????????25????????(DT???????)",https://airwatero365.sharepoint.com/sites/Guest_AW2026316/Shared Documents/01_?????????????/21_?????/210106_(?)??????/10_????/00_????/????_210106_(?)??????.xlsx,1,FALSE,FALSE
(?)????25_?????????????(Preparation and submission of impairment assessment materials),??,?????,(?)????,210107,?,,25,25_?????????????(Preparation and submission of impairment assessment materials),?,0.???(Out of scope),2026/5/26 9:07,FALSE,"??HD????????????????25????????????
??????Gr??????????????????????25????????(DT???????)",https://airwatero365.sharepoint.com/sites/Guest_AW2026316/Shared Documents/01_?????????????/21_?????/210107_(?)????/10_????/00_????/????_210107_(?)????.xlsx,1,FALSE,FALSE
(?)????25_?????????????(Preparation and submission of impairment assessment materials),??,?????,(?)????,210108,?,,25,25_?????????????(Preparation and submission of impairment assessment materials),?,0.???(Out of scope),2026/5/26 9:07,FALSE,"??HD????????????????25????????????
??????Gr??????????????????????25????????(DT???????)",https://airwatero365.sharepoint.com/sites/Guest_AW2026316/Shared Documents/01_?????????????/21_?????/210108_(?)????/10_????/00_????/????_210108_(?)????.xlsx,1,FALSE,FALSE
H.T.C. S.R.L.26_??????????????????(Basis materials for recording bonus provisions and comparison with payment amounts),??,??????,H.T.C. S.R.L.,140203,?,,26,26_??????????????????(Basis materials for recording bonus provisions and comparison with payment amounts),?,0.???(Out of scope),2026/5/26 9:07,FALSE,???????????????????????,https://airwatero365.sharepoint.com/sites/Guest_AW2026316/Shared Documents/01_?????????????/14_??????/140203_H.T.C. S.R.L/10_self-inspection/00_Progress Tracking/????_140203_H.T.C. S.R.L.xlsx,1,FALSE,FALSE
Redco S.R.L.26_??????????????????(Basis materials for recording bonus provisions and comparison with payment amounts),??,??????,Redco S.R.L.,140204,?,,26,26_??????????????????(Basis materials for recording bonus provisions and comparison with payment amounts),?,0.???(Out of scope),2026/5/26 9:07,FALSE,???????????????????????,https://airwatero365.sharepoint.com/sites/Guest_AW2026316/Shared Documents/01_?????????????/14_??????/140204_Redco S.R.L/10_self-inspection/00_Progress Tracking/????_140204_Redco S.R.L.xlsx,1,FALSE,FALSE
(?)????????26_??????????????????(Basis materials for recording bonus provisions and comparison with payment amounts),???????,???????????(?),(?)????????,241100,?,,26,26_??????????????????(Basis materials for recording bonus provisions and comparison with payment amounts),?,0.???(Out of scope),2026/5/26 9:07,FALSE,"????????????????????????????????????????
????????????????????????????????????????????????????????AWI????????????????????????",https://airwatero365.sharepoint.com/sites/Guest_AW2026316/Shared Documents/01_?????????????/24_AW???/241100_?????????/10_????/00_????/????_241100_?????????.xlsx,1,TRUE,FALSE
????????K&O(?)01_??????(AR Balance Confirmation),?????,???????????????,????????K&O(?),060203,?,,01,01_??????(AR Balance Confirmation),?,0.???(Out of scope),2026/5/26 9:07,FALSE,?????????????2027?5???????AW???????????????,https://airwatero365.sharepoint.com/sites/Guest_AW2026316/Shared Documents/01_?????????????/06_???????????????/060203_AWK&O?/10_????/00_????/????_060203_AWK&O?.xlsx,0,TRUE,TRUE
????????K&O(?)03_??????(Fixed Asset Inspection),?????,???????????????,????????K&O(?),060203,?,,03,03_??????(Fixed Asset Inspection),?,0.???(Out of scope),2026/5/26 9:07,FALSE,?????????????2027?5???????AW???????????????,https://airwatero365.sharepoint.com/sites/Guest_AW2026316/Shared Documents/01_?????????????/06_???????????????/060203_AWK&O?/10_????/00_????/????_060203_AWK&O?.xlsx,0,TRUE,TRUE
????????K&O(?)04_????(Review of Overdue Receivables),?????,???????????????,????????K&O(?),060203,?,,04,04_????(Review of Overdue Receivables),?,0.???(Out of scope),2026/5/26 9:07,FALSE,?????????????2027?5???????AW???????????????,https://airwatero365.sharepoint.com/sites/Guest_AW2026316/Shared Documents/01_?????????????/06_???????????????/060203_AWK&O?/10_????/00_????/????_060203_AWK&O?.xlsx,0,TRUE,TRUE
????????K&O(?)05_?????????????????(Negative Sales Entries and Sales Reversal Transactions),?????,???????????????,????????K&O(?),060203,?,,05,05_?????????????????(Negative Sales Entries and Sales Reversal Transactions),?,0.???(Out of scope),2026/5/26 9:07,FALSE,?????????????2027?5???????AW???????????????,https://airwatero365.sharepoint.com/sites/Guest_AW2026316/Shared Documents/01_?????????????/06_???????????????/060203_AWK&O?/10_????/00_????/????_060203_AWK&O?.xlsx,0,TRUE,TRUE
????????K&O(?)06_???????????(Monthly Trend Analysis of Sales and Gross Profit),?????,???????????????,????????K&O(?),060203,?,,06,06_???????????(Monthly Trend Analysis of Sales and Gross Profit),?,0.???(Out of scope),2026/5/26 9:07,FALSE,?????????????2027?5???????AW???????????????,https://airwatero365.sharepoint.com/sites/Guest_AW2026316/Shared Documents/01_?????????????/06_???????????????/060203_AWK&O?/10_????/00_????/????_060203_AWK&O?.xlsx,0,TRUE,TRUE
????????K&O(?)08_???????(Review of Detailed sales records),?????,???????????????,????????K&O(?),060203,?,,08,08_???????(Review of Detailed sales records),?,0.???(Out of scope),2026/5/26 9:07,FALSE,?????????????2027?5???????AW???????????????,https://airwatero365.sharepoint.com/sites/Guest_AW2026316/Shared Documents/01_?????????????/06_???????????????/060203_AWK&O?/10_????/00_????/????_060203_AWK&O?.xlsx,0,TRUE,TRUE
????????K&O(?)18_??????????(Monthly trend analysis of each expense),?????,???????????????,????????K&O(?),060203,?,,18,18_??????????(Monthly trend analysis of each expense),?,0.???(Out of scope),2026/5/26 9:07,FALSE,?????????????2027?5???????AW???????????????,https://airwatero365.sharepoint.com/sites/Guest_AW2026316/Shared Documents/01_?????????????/06_???????????????/060203_AWK&O?/10_????/00_????/????_060203_AWK&O?.xlsx,0,TRUE,TRUE
????????K&O(?)19_????????????????(Check for invoices that should be recorded as expenses in the current period),?????,???????????????,????????K&O(?),060203,?,,19,19_????????????????(Check for invoices that should be recorded as expenses in the current period),?,0.???(Out of scope),2026/5/26 9:07,FALSE,?????????????2027?5???????AW???????????????,https://airwatero365.sharepoint.com/sites/Guest_AW2026316/Shared Documents/01_?????????????/06_???????????????/060203_AWK&O?/10_????/00_????/????_060203_AWK&O?.xlsx,0,TRUE,TRUE
????????K&O(?)20_??????????(Confirmation of non-recurring events),?????,???????????????,????????K&O(?),060203,?,,20,20_??????????(Confirmation of non-recurring events),?,0.???(Out of scope),2026/5/26 9:07,FALSE,?????????????2027?5???????AW???????????????,https://airwatero365.sharepoint.com/sites/Guest_AW2026316/Shared Documents/01_?????????????/06_???????????????/060203_AWK&O?/10_????/00_????/????_060203_AWK&O?.xlsx,0,TRUE,TRUE
????????K&O(?)21_?????????????(Document the basis for recording estimated expenses),?????,???????????????,????????K&O(?),060203,?,,21,21_?????????????(Document the basis for recording estimated expenses),?,0.???(Out of scope),2026/5/26 9:07,FALSE,?????????????2027?5???????AW???????????????,https://airwatero365.sharepoint.com/sites/Guest_AW2026316/Shared Documents/01_?????????????/06_???????????????/060203_AWK&O?/10_????/00_????/????_060203_AWK&O?.xlsx,0,TRUE,TRUE
????????K&O(?)22_?????????(Review of disposal transactions for fixed assets),?????,???????????????,????????K&O(?),060203,?,,22,22_?????????(Review of disposal transactions for fixed assets),?,0.???(Out of scope),2026/5/26 9:07,FALSE,?????????????2027?5???????AW???????????????,https://airwatero365.sharepoint.com/sites/Guest_AW2026316/Shared Documents/01_?????????????/06_???????????????/060203_AWK&O?/10_????/00_????/????_060203_AWK&O?.xlsx,0,TRUE,TRUE
????????K&O(?)23_?????????????????(Capitalized items based on repair costs and development related expenditure),?????,???????????????,????????K&O(?),060203,?,,23,23_?????????????????(Capitalized items based on repair costs and development related expenditure),?,0.???(Out of scope),2026/5/26 9:07,FALSE,?????????????2027?5???????AW???????????????,https://airwatero365.sharepoint.com/sites/Guest_AW2026316/Shared Documents/01_?????????????/06_???????????????/060203_AWK&O?/10_????/00_????/????_060203_AWK&O?.xlsx,0,TRUE,TRUE
????????K&O(?)25_?????????????(Preparation and submission of impairment assessment materials),?????,???????????????,????????K&O(?),060203,?,,25,25_?????????????(Preparation and submission of impairment assessment materials),?,0.???(Out of scope),2026/5/26 9:07,FALSE,?????????????2027?5???????AW???????????????,https://airwatero365.sharepoint.com/sites/Guest_AW2026316/Shared Documents/01_?????????????/06_???????????????/060203_AWK&O?/10_????/00_????/????_060203_AWK&O?.xlsx,0,TRUE,TRUE
????????K&O(?)26_??????????????????(Basis materials for recording bonus provisions and comparison with payment amounts),?????,???????????????,????????K&O(?),060203,?,,26,26_??????????????????(Basis materials for recording bonus provisions and comparison with payment amounts),?,0.???(Out of scope),2026/5/26 9:07,FALSE,?????????????2027?5???????AW???????????????,https://airwatero365.sharepoint.com/sites/Guest_AW2026316/Shared Documents/01_?????????????/06_???????????????/060203_AWK&O?/10_????/00_????/????_060203_AWK&O?.xlsx,0,TRUE,TRUE
???????(??) ????03_??????(Fixed Asset Inspection),??,????????,???????(??) ????,010603,?,,03,03_??????(Fixed Asset Inspection),?,0.???(Out of scope),2026/5/26 9:07,FALSE,???????????????,https://airwatero365.sharepoint.com/sites/Guest_AW2026316/Shared Documents/01_?????????????/01_????????/010603_???????(??) ????/10_self-inspection/00_Progress Tracking/????_010603_???????(??) ????.xlsx,0,TRUE,FALSE
???????(??) ????22_?????????(Review of disposal transactions for fixed assets),??,????????,???????(??) ????,010603,?,,22,22_?????????(Review of disposal transactions for fixed assets),?,0.???(Out of scope),2026/5/26 9:07,FALSE,???????????????,https://airwatero365.sharepoint.com/sites/Guest_AW2026316/Shared Documents/01_?????????????/01_????????/010603_???????(??) ????/10_self-inspection/00_Progress Tracking/????_010603_???????(??) ????.xlsx,0,TRUE,FALSE
???????(??) ????23_?????????????????(Capitalized items based on repair costs and development related expenditure),??,????????,???????(??) ????,010603,?,,23,23_?????????????????(Capitalized items based on repair costs and development related expenditure),?,0.???(Out of scope),2026/5/26 9:07,FALSE,???????????????,https://airwatero365.sharepoint.com/sites/Guest_AW2026316/Shared Documents/01_?????????????/01_????????/010603_???????(??) ????/10_self-inspection/00_Progress Tracking/????_010603_???????(??) ????.xlsx,0,TRUE,FALSE
???????(??) ????25_?????????????(Preparation and submission of impairment assessment materials),??,????????,???????(??) ????,010603,?,,25,25_?????????????(Preparation and submission of impairment assessment materials),?,0.???(Out of scope),2026/5/26 9:07,FALSE,???????????????,https://airwatero365.sharepoint.com/sites/Guest_AW2026316/Shared Documents/01_?????????????/01_????????/010603_???????(??) ????/10_self-inspection/00_Progress Tracking/????_010603_???????(??) ????.xlsx,0,TRUE,FALSE
???????(??) ????01_??????(AR Balance Confirmation),??,????????,???????(??) ????,010603,?,,01,01_??????(AR Balance Confirmation),?,0.???(Out of scope),2026/5/26 9:07,FALSE,?????????????,https://airwatero365.sharepoint.com/sites/Guest_AW2026316/Shared Documents/01_?????????????/01_????????/010603_???????(??) ????/10_self-inspection/00_Progress Tracking/????_010603_???????(??) ????.xlsx,0,TRUE,FALSE
???????(??) ????04_????(Review of Overdue Receivables),??,????????,???????(??) ????,010603,?,,04,04_????(Review of Overdue Receivables),?,0.???(Out of scope),2026/5/26 9:07,FALSE,?????????????,https://airwatero365.sharepoint.com/sites/Guest_AW2026316/Shared Documents/01_?????????????/01_????????/010603_???????(??) ????/10_self-inspection/00_Progress Tracking/????_010603_???????(??) ????.xlsx,0,TRUE,FALSE
???????(??) ????18_??????????(Monthly trend analysis of each expense),??,????????,???????(??) ????,010603,?,,18,18_??????????(Monthly trend analysis of each expense),?,0.???(Out of scope),2026/5/26 9:07,FALSE,???????????????????,https://airwatero365.sharepoint.com/sites/Guest_AW2026316/Shared Documents/01_?????????????/01_????????/010603_???????(??) ????/10_self-inspection/00_Progress Tracking/????_010603_???????(??) ????.xlsx,0,TRUE,FALSE
???????(??) ????19_????????????????(Check for invoices that should be recorded as expenses in the current period),??,????????,???????(??) ????,010603,?,,19,19_????????????????(Check for invoices that should be recorded as expenses in the current period),?,0.???(Out of scope),2026/5/26 9:07,FALSE,???????????????????,https://airwatero365.sharepoint.com/sites/Guest_AW2026316/Shared Documents/01_?????????????/01_????????/010603_???????(??) ????/10_self-inspection/00_Progress Tracking/????_010603_???????(??) ????.xlsx,0,TRUE,FALSE
????(?)08_???????(Review of Detailed sales records),???????,???????????(?),????(?),240300,?,,08,08_???????(Review of Detailed sales records),?,0.???(Out of scope),2026/5/26 9:07,TRUE,,https://airwatero365.sharepoint.com/sites/Guest_AW2026316/Shared Documents/01_?????????????/24_AW???/240300_?????/10_????/00_????/????_240300_?????.xlsx,1,FALSE,FALSE
???????(??) ????21_?????????????(Document the basis for recording estimated expenses),??,????????,???????(??) ????,010603,?,,21,21_?????????????(Document the basis for recording estimated expenses),?,0.???(Out of scope),2026/5/26 9:07,FALSE,???????????????????,https://airwatero365.sharepoint.com/sites/Guest_AW2026316/Shared Documents/01_?????????????/01_????????/010603_???????(??) ????/10_self-inspection/00_Progress Tracking/????_010603_???????(??) ????.xlsx,0,TRUE,FALSE
???????(??) ????20_??????????(Confirmation of non-recurring events),??,????????,???????(??) ????,010603,?,,20,20_??????????(Confirmation of non-recurring events),?,0.???(Out of scope),2026/5/26 9:07,FALSE,???????????????,https://airwatero365.sharepoint.com/sites/Guest_AW2026316/Shared Documents/01_?????????????/01_????????/010603_???????(??) ????/10_self-inspection/00_Progress Tracking/????_010603_???????(??) ????.xlsx,0,TRUE,FALSE
???????(??) ????26_??????????????????(Basis materials for recording bonus provisions and comparison with payment amounts),??,????????,???????(??) ????,010603,?,,26,26_??????????????????(Basis materials for recording bonus provisions and comparison with payment amounts),?,0.???(Out of scope),2026/5/26 9:07,FALSE,??????????????,https://airwatero365.sharepoint.com/sites/Guest_AW2026316/Shared Documents/01_?????????????/01_????????/010603_???????(??) ????/10_self-inspection/00_Progress Tracking/????_010603_???????(??) ????.xlsx,0,TRUE,FALSE
???????(??) ????06_???????????(Monthly Trend Analysis of Sales and Gross Profit),??,????????,???????(??) ????,010603,?,,06,06_???????????(Monthly Trend Analysis of Sales and Gross Profit),?,0.???(Out of scope),2026/5/26 9:07,FALSE,????????????????,https://airwatero365.sharepoint.com/sites/Guest_AW2026316/Shared Documents/01_?????????????/01_????????/010603_???????(??) ????/10_self-inspection/00_Progress Tracking/????_010603_???????(??) ????.xlsx,0,TRUE,FALSE
????(?)08_???????(Review of Detailed sales records),???????,???????????(?),????(?),240700,?,,08,08_???????(Review of Detailed sales records),?,0.???(Out of scope),2026/5/26 9:07,TRUE,,https://airwatero365.sharepoint.com/sites/Guest_AW2026316/Shared Documents/01_?????????????/24_AW???/240700_?????/10_????/00_????/????_240700_?????.xlsx,1,FALSE,FALSE
???????(??) ????05_?????????????????(Negative Sales Entries and Sales Reversal Transactions),??,????????,???????(??) ????,010603,?,,05,05_?????????????????(Negative Sales Entries and Sales Reversal Transactions),?,0.???(Out of scope),2026/5/26 9:07,FALSE,?????????????,https://airwatero365.sharepoint.com/sites/Guest_AW2026316/Shared Documents/01_?????????????/01_????????/010603_???????(??) ????/10_self-inspection/00_Progress Tracking/????_010603_???????(??) ????.xlsx,0,TRUE,FALSE
???????(??) ????07_?????????(Revenue Recognition Questionnaire),??,????????,???????(??) ????,010603,?,,07,07_?????????(Revenue Recognition Questionnaire),?,0.???(Out of scope),2026/5/26 9:07,FALSE,?????????????,https://airwatero365.sharepoint.com/sites/Guest_AW2026316/Shared Documents/01_?????????????/01_????????/010603_???????(??) ????/10_self-inspection/00_Progress Tracking/????_010603_???????(??) ????.xlsx,0,TRUE,FALSE
???????(??) ????08_???????(Review of Detailed sales records),??,????????,???????(??) ????,010603,?,,08,08_???????(Review of Detailed sales records),?,0.???(Out of scope),2026/5/26 9:07,FALSE,?????????????,https://airwatero365.sharepoint.com/sites/Guest_AW2026316/Shared Documents/01_?????????????/01_????????/010603_???????(??) ????/10_self-inspection/00_Progress Tracking/????_010603_???????(??) ????.xlsx,0,TRUE,FALSE
????????NV(?)21_?????????????(Document the basis for recording estimated expenses),?????,??????????????,????????NV(?),020200,?,?,21,21_?????????????(Document the basis for recording estimated expenses),?,0.???(Out of scope),2026/5/26 9:07,FALSE,????????????,https://airwatero365.sharepoint.com/sites/Guest_AW2026316/Shared Documents/01_?????????????/02_????????????/020200_AWNV?/10_????/00_????/????_020200_AWNV?.xlsx,0,FALSE,FALSE
????(?)21_?????????????(Document the basis for recording estimated expenses),?????,??????????????,????(?),020700,?,,21,21_?????????????(Document the basis for recording estimated expenses),?,0.???(Out of scope),2026/5/26 9:07,FALSE,????????????,https://airwatero365.sharepoint.com/sites/Guest_AW2026316/Shared Documents/01_?????????????/02_????????????/020700_?????/10_????/00_????/????_020700_?????.xlsx,0,FALSE,FALSE
????(?)21_?????????????(Document the basis for recording estimated expenses),???????,???????????(?),????(?),240300,?,,21,21_?????????????(Document the basis for recording estimated expenses),?,0.???(Out of scope),2026/5/26 9:07,FALSE,???????????????????????????????,https://airwatero365.sharepoint.com/sites/Guest_AW2026316/Shared Documents/01_?????????????/24_AW???/240300_?????/10_????/00_????/????_240300_?????.xlsx,1,TRUE,FALSE
????(?)21_?????????????(Document the basis for recording estimated expenses),???????,???????????(?),????(?),240600,?,,21,21_?????????????(Document the basis for recording estimated expenses),?,0.???(Out of scope),2026/5/26 9:07,FALSE,???????????????????????????????,https://airwatero365.sharepoint.com/sites/Guest_AW2026316/Shared Documents/01_?????????????/24_AW???/240600_?????/10_????/00_????/????_240600_?????.xlsx,1,TRUE,FALSE
????(?)21_?????????????(Document the basis for recording estimated expenses),???????,???????????(?),????(?),240700,?,,21,21_?????????????(Document the basis for recording estimated expenses),?,0.???(Out of scope),2026/5/26 9:07,FALSE,???????????????????????????????,https://airwatero365.sharepoint.com/sites/Guest_AW2026316/Shared Documents/01_?????????????/24_AW???/240700_?????/10_????/00_????/????_240700_?????.xlsx,1,TRUE,FALSE
(?)?????????21_?????????????(Document the basis for recording estimated expenses),???????,???????????(?),(?)?????????,241000,?,,21,21_?????????????(Document the basis for recording estimated expenses),?,0.???(Out of scope),2026/5/26 9:07,FALSE,???????????????????????????????,https://airwatero365.sharepoint.com/sites/Guest_AW2026316/Shared Documents/01_?????????????/24_AW???/241000_??????????/10_????/00_????/????_241000_??????????.xlsx,1,TRUE,FALSE
(?)????????21_?????????????(Document the basis for recording estimated expenses),???????,???????????(?),(?)????????,241100,?,,21,21_?????????????(Document the basis for recording estimated expenses),?,0.???(Out of scope),2026/5/26 9:07,FALSE,???????????????????????????????,https://airwatero365.sharepoint.com/sites/Guest_AW2026316/Shared Documents/01_?????????????/24_AW???/241100_?????????/10_????/00_????/????_241100_?????????.xlsx,1,TRUE,FALSE
???????????(?)21_?????????????(Document the basis for recording estimated expenses),?????,??????????????,???????????(?),020100,?,,21,21_?????????????(Document the basis for recording estimated expenses),?,0.???(Out of scope),2026/5/26 9:07,FALSE,???????????????????????????????,https://airwatero365.sharepoint.com/sites/Guest_AW2026316/Shared Documents/01_?????????????/02_????????????/020100_????????????/10_????/00_????/????_020100_????????????.xlsx,0,FALSE,FALSE
(?)????????07_?????????(Revenue Recognition Questionnaire),??,??????????,(?)????????,100220,?,,07,07_?????????(Revenue Recognition Questionnaire),?,0.???(Out of scope),2026/5/26 9:07,FALSE,??????????????????????????,https://airwatero365.sharepoint.com/sites/Guest_AW2026316/Shared Documents/01_?????????????/10_??????????/100220_(?)????????/10_????/00_????/AWPMO??????????/????_100220_(?)????????.xlsx,1,TRUE,TRUE
(?)????14_??????????????????????(Explanation of factors for cost transfer transactions subject to individual cost accounting),???????,???????????(?),(?)????,220500,?,?,14,14_??????????????????????(Explanation of factors for cost transfer transactions subject to individual cost accounting),?,0.???(Out of scope),2026/5/26 9:07,FALSE,"????AWI?????
?????????????????????????4/23???
??????????????????????????????????OEM????????????????????????????????????????????????????????????????????????????????????????????????????????????????????????????No.14?No.15??????????????????",https://airwatero365.sharepoint.com/sites/Guest_AW2026316/Shared Documents/01_?????????????/22_AW???/220500_?????/10_????/00_????/????_220500_?????.xlsx,1,TRUE,FALSE
(?)????15_????????????????(Analysis of gross profit margin for projects subject to individual cost accounting),???????,???????????(?),(?)????,220500,?,?,15,15_????????????????(Analysis of gross profit margin for projects subject to individual cost accounting),?,0.???(Out of scope),2026/5/26 9:07,FALSE,"????AWI?????
?????????????????????????4/23???
??????????????????????????????????OEM????????????????????????????????????????????????????????????????????????????????????????????????????????????????????????????No.14?No.15??????????????????",https://airwatero365.sharepoint.com/sites/Guest_AW2026316/Shared Documents/01_?????????????/22_AW???/220500_?????/10_????/00_????/????_220500_?????.xlsx,1,TRUE,FALSE
(?)????09_????????????????????(Application of accounting standards to revenue recognition for construction projects),???????,???????????(?),(?)????,220500,?,?,09,09_????????????????????(Application of accounting standards to revenue recognition for construction projects),?,0.???(Out of scope),2026/5/26 9:07,FALSE,"????AWI?????
?????????????????????????4/23???
???????????????????????????
???????????????????????????????????????????????",https://airwatero365.sharepoint.com/sites/Guest_AW2026316/Shared Documents/01_?????????????/22_AW???/220500_?????/10_????/00_????/????_220500_?????.xlsx,1,TRUE,FALSE
(?)????10_???????????(Monthly trend analysis of construction project budgets),???????,???????????(?),(?)????,220500,?,?,10,10_???????????(Monthly trend analysis of construction project budgets),?,0.???(Out of scope),2026/5/26 9:07,FALSE,"????AWI?????
?????????????????????????4/23???
???????????????????????????
???????????????????????????????????????????????",https://airwatero365.sharepoint.com/sites/Guest_AW2026316/Shared Documents/01_?????????????/22_AW???/220500_?????/10_????/00_????/????_220500_?????.xlsx,1,TRUE,FALSE
(?)????11_???????????????????(Analysis of construction project purchasing data and raw material inventory movements),???????,???????????(?),(?)????,220500,?,?,11,11_???????????????????(Analysis of construction project purchasing data and raw material inventory movements),?,0.???(Out of scope),2026/5/26 9:07,FALSE,"????AWI?????
?????????????????????????4/23???
???????????????????????????
???????????????????????????????????????????????",https://airwatero365.sharepoint.com/sites/Guest_AW2026316/Shared Documents/01_?????????????/22_AW???/220500_?????/10_????/00_????/????_220500_?????.xlsx,1,TRUE,FALSE
(?)????12_??????????(Monthly trend analysis of construction project progress rates),???????,???????????(?),(?)????,220500,?,?,12,12_??????????(Monthly trend analysis of construction project progress rates),?,0.???(Out of scope),2026/5/26 9:07,FALSE,"????AWI?????
?????????????????????????4/23???
???????????????????????????
???????????????????????????????????????????????",https://airwatero365.sharepoint.com/sites/Guest_AW2026316/Shared Documents/01_?????????????/22_AW???/220500_?????/10_????/00_????/????_220500_?????.xlsx,1,TRUE,FALSE
????????NV(?)23_?????????????????(Capitalized items based on repair costs and development related expenditure),?????,??????????????,????????NV(?),020200,?,?,23,23_?????????????????(Capitalized items based on repair costs and development related expenditure),?,0.???(Out of scope),2026/5/26 9:07,TRUE,,https://airwatero365.sharepoint.com/sites/Guest_AW2026316/Shared Documents/01_?????????????/02_????????????/020200_AWNV?/10_????/00_????/????_020200_AWNV?.xlsx,0,FALSE,FALSE
?????????????(?)04_????(Review of Overdue Receivables),?????,??????????????,?????????????(?),020500,?,,04,04_????(Review of Overdue Receivables),?,0.???(Out of scope),2026/5/26 9:07,FALSE,???????????,https://airwatero365.sharepoint.com/sites/Guest_AW2026316/Shared Documents/01_?????????????/02_????????????/020500_??????????????/10_????/00_????/????_020500_??????????????.xlsx,0,FALSE,FALSE
????(?)26_??????????????????(Basis materials for recording bonus provisions and comparison with payment amounts),???????,???????????(?),????(?),240700,?,,26,26_??????????????????(Basis materials for recording bonus provisions and comparison with payment amounts),?,0.???(Out of scope),2026/5/26 9:07,FALSE,"??????????????AWI???????????????????????????????????
???????????PL???????????????????",https://airwatero365.sharepoint.com/sites/Guest_AW2026316/Shared Documents/01_?????????????/24_AW???/240700_?????/10_????/00_????/????_240700_?????.xlsx,1,TRUE,FALSE
(?)?????21_?????????????(Document the basis for recording estimated expenses),???????,???????????(?),(?)?????,240200,?,,21,21_?????????????(Document the basis for recording estimated expenses),?,0.???(Out of scope),2026/5/26 9:07,FALSE,???????????????????????????????????????????????????????????,https://airwatero365.sharepoint.com/sites/Guest_AW2026316/Shared Documents/01_?????????????/24_AW???/240200_??????/10_????/00_????/????_240200_??????.xlsx,1,TRUE,FALSE
????(?)04_????(Review of Overdue Receivables),?????,??????????????,????(?),020700,?,,04,04_????(Review of Overdue Receivables),?,0.???(Out of scope),2026/5/26 9:07,FALSE,???????????????????????????,https://airwatero365.sharepoint.com/sites/Guest_AW2026316/Shared Documents/01_?????????????/02_????????????/020700_?????/10_????/00_????/????_020700_?????.xlsx,0,FALSE,FALSE
???????????(?)21_?????????????(Document the basis for recording estimated expenses),???????,???????????(?),???????????(?),240000,?,?,21,21_?????????????(Document the basis for recording estimated expenses),?,0.???(Out of scope),2026/5/26 9:07,FALSE,???????????????????????????????,https://airwatero365.sharepoint.com/sites/Guest_AW2026316/Shared Documents/01_?????????????/24_AW???/240000_AW????/10_????/00_????/????_240000_AW????.xlsx,1,TRUE,FALSE
AIR WATER INDIA PRIVATE LIMITED25_?????????????(Preparation and submission of impairment assessment materials),?????,?????????????????,AIR WATER INDIA PRIVATE LIMITED,040200,?,?,25,25_?????????????(Preparation and submission of impairment assessment materials),?,0.???(Out of scope),2026/5/26 9:07,FALSE,"???????????BSR?AZSA???????????????????????
???AWIPL?1??CGU?????????????????????????",https://airwatero365.sharepoint.com/sites/Guest_AW2026316/Shared Documents/01_?????????????/04_?????????????????/040200_AWIPL/10_self-inspection/00_Progress Tracking/????_040200_AIR WATER INDIA PRIVATE LIMITED.xlsx,0,FALSE,FALSE
(?)????????25_?????????????(Preparation and submission of impairment assessment materials),??,??????????,(?)????????,100220,?,,25,25_?????????????(Preparation and submission of impairment assessment materials),?,0.???(Out of scope),2026/5/26 9:07,FALSE,???????????????????????????????????,https://airwatero365.sharepoint.com/sites/Guest_AW2026316/Shared Documents/01_?????????????/10_??????????/100220_(?)????????/10_????/00_????/AWPMO??????????/????_100220_(?)????????.xlsx,1,TRUE,TRUE
(?)Ci???????????03_??????(Fixed Asset Inspection),??,??????????,(?)Ci???????????,100202,?,,03,03_??????(Fixed Asset Inspection),?,0.???(Out of scope),2026/5/26 9:07,FALSE,????????,https://airwatero365.sharepoint.com/sites/Guest_AW2026316/Shared Documents/01_?????????????/10_??????????/100202_(?)Ci???????????/10_????/00_????/AWPMO??????????/????_100202_(?)Ci???????????.xlsx,1,FALSE,FALSE
(?)Ci???????????25_?????????????(Preparation and submission of impairment assessment materials),??,??????????,(?)Ci???????????,100202,?,,25,25_?????????????(Preparation and submission of impairment assessment materials),?,0.???(Out of scope),2026/5/26 9:07,FALSE,????????,https://airwatero365.sharepoint.com/sites/Guest_AW2026316/Shared Documents/01_?????????????/10_??????????/100202_(?)Ci???????????/10_????/00_????/AWPMO??????????/????_100202_(?)Ci???????????.xlsx,1,FALSE,FALSE
(?)?????03_??????(Fixed Asset Inspection),??,??????????,(?)?????,100203,?,,03,03_??????(Fixed Asset Inspection),?,0.???(Out of scope),2026/5/26 9:07,FALSE,????????,https://airwatero365.sharepoint.com/sites/Guest_AW2026316/Shared Documents/01_?????????????/10_??????????/100203_(?)?????/10_????/00_????/AWPMO??????????/????_100203_(?)?????.xlsx,0,FALSE,FALSE
(?)RayVision03_??????(Fixed Asset Inspection),??,??????????,(?)RayVision,100211,?,,03,03_??????(Fixed Asset Inspection),?,0.???(Out of scope),2026/5/26 9:07,FALSE,????????,https://airwatero365.sharepoint.com/sites/Guest_AW2026316/Shared Documents/01_?????????????/10_??????????/100211_(?)RayVision/10_????/00_????/AWPMO??????????/????_100211_(?)RayVision.xlsx,1,FALSE,FALSE
(?)???????03_??????(Fixed Asset Inspection),??,??????????,(?)???????,100214,?,,03,03_??????(Fixed Asset Inspection),?,0.???(Out of scope),2026/5/26 9:07,FALSE,????????,https://airwatero365.sharepoint.com/sites/Guest_AW2026316/Shared Documents/01_?????????????/10_??????????/100214_(?)???????/10_????/00_????/AWPMO??????????/????_100214_(?)???????.xlsx,1,FALSE,FALSE
(?)???????25_?????????????(Preparation and submission of impairment assessment materials),??,??????????,(?)???????,100214,?,,25,25_?????????????(Preparation and submission of impairment assessment materials),?,0.???(Out of scope),2026/5/26 9:07,FALSE,????????,https://airwatero365.sharepoint.com/sites/Guest_AW2026316/Shared Documents/01_?????????????/10_??????????/100214_(?)???????/10_????/00_????/AWPMO??????????/????_100214_(?)???????.xlsx,1,FALSE,FALSE
(?)???????????22_?????????(Review of disposal transactions for fixed assets),???????,???????????(?),(?)???????????,220600,?,,22,22_?????????(Review of disposal transactions for fixed assets),?,0.???(Out of scope),2026/5/26 9:07,FALSE,????????,https://airwatero365.sharepoint.com/sites/Guest_AW2026316/Shared Documents/01_?????????????/22_AW???/220600_????????????/10_????/00_????/????_220600_????????????.xlsx,1,TRUE,FALSE
(?)???????????23_?????????????????(Capitalized items based on repair costs and development related expenditure),???????,???????????(?),(?)???????????,220600,?,,23,23_?????????????????(Capitalized items based on repair costs and development related expenditure),?,0.???(Out of scope),2026/5/26 9:07,FALSE,????????,https://airwatero365.sharepoint.com/sites/Guest_AW2026316/Shared Documents/01_?????????????/22_AW???/220600_????????????/10_????/00_????/????_220600_????????????.xlsx,1,TRUE,FALSE
(?)???????????25_?????????????(Preparation and submission of impairment assessment materials),???????,???????????(?),(?)???????????,220600,?,,25,25_?????????????(Preparation and submission of impairment assessment materials),?,0.???(Out of scope),2026/5/26 9:07,FALSE,????????,https://airwatero365.sharepoint.com/sites/Guest_AW2026316/Shared Documents/01_?????????????/22_AW???/220600_????????????/10_????/00_????/????_220600_????????????.xlsx,1,TRUE,FALSE
