No.,チームNo.,ユニット,会社名,自主点検対象,構成単位,会社管理番号,使用言語,進捗管理フラグ
1,チーム1,AWI本体,エア・ウォーター(株),○,○,0,JP,○
2,チーム1,連結管理室,(株)松尾ホールディングス,○,○,210100,JP,○
3,チーム1,連結管理室,(株)アーステクノ,○,,210101,JP,○
4,チーム1,連結管理室,(株)オートテック,○,,210102,JP,○
5,チーム1,連結管理室,(株)クレアス,○,,210103,JP,○
6,チーム1,連結管理室,嶋田工業(株),○,,210104,JP,○
7,チーム1,連結管理室,(株)松尾組,○,,210105,JP,○
8,チーム1,連結管理室,(株)松尾都市開発,○,,210106,JP,○
9,チーム1,連結管理室,(株)松尾道路,○,,210107,JP,○
10,チーム1,連結管理室,(株)松尾環境,○,,210108,JP,○
11,チーム1,連結管理室,大宝産業,,,,JP,
12,チーム1,デンタルケアユニット,デンケン・ハイデンタル(株),○,○,100100,JP,○
13,チーム1,デンタルケアユニット,"KDF U.S., Inc.",○,,100101,EN,○
14,チーム1,デンタルケアユニット,(株)歯愛メディカル,○,○,100200,JP,○
15,チーム1,デンタルケアユニット,(株)サクラ歯研,○,,100201,JP,○
16,チーム1,デンタルケアユニット,(株)Ciロジスティクスセンター,○,,100202,JP,○
17,チーム1,デンタルケアユニット,(株)デミライン,○,,100203,JP,○
18,チーム1,デンタルケアユニット,(株)デンタルフィット,○,,100204,JP,○
19,チーム1,デンタルケアユニット,(株)ナイキ歯研,○,,100205,JP,○
20,チーム1,デンタルケアユニット,(株)ニッセン,○,○,100206,JP,○
21,チーム1,デンタルケアユニット,(株)ニッセンホールディングス,○,,100207,JP,○
22,チーム1,デンタルケアユニット,(株)ニッセンライフ,○,,100208,JP,○
23,チーム1,デンタルケアユニット,(株)ニッセンLINX,○,,100209,JP,○
24,チーム1,デンタルケアユニット,(株)マロンスタイル,○,,100210,JP,○
25,チーム1,デンタルケアユニット,(株)RayVision,○,,100211,JP,○
26,チーム1,デンタルケアユニット,(株)白鳩,○,○,100212,JP,○
27,チーム1,デンタルケアユニット,(株)TDS,○,,100213,JP,○
28,チーム1,デンタルケアユニット,(株)クラブメディア,○,,100214,JP,○
29,チーム1,デンタルケアユニット,(株)Ciエナジー,○,,100215,JP,○
30,チーム1,デンタルケアユニット,(株)u&n,○,,100216,JP,○
31,チーム1,デンタルケアユニット,上海?尚商貿有限公司,○,,100217,JP,○
32,チーム1,デンタルケアユニット,"Ci Korea Co., Ltd",○,,100218,EN,○
33,チーム1,デンタルケアユニット,ニッセン・クレジットサービス(株),,,100219,JP,
34,チーム2,エア・ウォーター西日本(株) ,エア・ウォーター西日本(株),○,○,240000,JP,○
35,チーム2,エア・ウォーター西日本(株) ,エア・ウォーター西日本メディエス(株),○,,240100,JP,○
36,チーム2,エア・ウォーター西日本(株) ,(株)エコテック,○,,240200,JP,○
37,チーム2,エア・ウォーター西日本(株) ,福山液酸(株),○,,240300,JP,○
38,チーム2,エア・ウォーター西日本(株) ,松山酸素(株),○,○,240400,JP,○
39,チーム2,エア・ウォーター西日本(株) ,沖縄エア・ウォーター(株),○,,240500,JP,○
40,チーム2,エア・ウォーター西日本(株) ,熊本液酸(株),○,,240600,JP,○
41,チーム2,エア・ウォーター西日本(株) ,長崎液酸(株),○,,240700,JP,○
42,チーム2,エア・ウォーター西日本(株) ,(株)日本医療環境サービス,○,○,240800,JP,○
43,チーム2,エア・ウォーター西日本(株) ,(株)ニライカナイ,○,,240900,JP,○
44,チーム2,エア・ウォーター西日本(株) ,(株)南九州ガスセンター,○,,241000,JP,○
45,チーム2,エア・ウォーター西日本(株) ,(株)アイ・ジー・エム,○,,241100,JP,○
46,チーム2,エア・ウォーター西日本(株) ,(株)大牟田高圧ガスセンター,,,241200,JP,
47,チーム2,エア・ウォーター西日本(株) ,ステリフィリング九州(株),,,241300,JP,
48,チーム2,エア・ウォーター西日本(株) ,大平産業(株),,,241400,JP,
49,チーム2,エア・ウォーター西日本(株) ,(株)鳥取若葉台窒素ガスセンター,,,241500,JP,
50,チーム2,エア・ウォーター西日本(株) ,舞鶴大同ガス(株),,,241600,JP,
51,チーム2,エア・ウォーター西日本(株) ,森脇産業(株),,,241700,JP,
52,チーム2,エア・ウォーター西日本(株) ,Hyogo Gas Supply Center(株),,,240201,JP,
53,チーム2,エア・ウォーター西日本(株) ,(株)イナートガスセンター,,,240401,JP,
54,チーム3,エア・ウォーター東日本(株),エア・ウォーター東日本(株),○,○,230000,JP,○
55,チーム3,エア・ウォーター東日本(株),エア・ウォーター東日本マネジメント(株),○,,230100,JP,○
56,チーム3,エア・ウォーター東日本(株),エア・ウォーター・スマイル(株),○,,230200,JP,○
57,チーム3,エア・ウォーター東日本(株),エア・ウォーター東日本メディエス(株),○,,230300,JP,○
58,チーム3,エア・ウォーター東日本(株),エア・ウォーター・ミライ(株),○,,230400,JP,○
59,チーム3,エア・ウォーター東日本(株),岩手液酸(株),○,,230500,JP,○
60,チーム3,エア・ウォーター東日本(株),(株)大森器械店,○,○,230600,JP,○
61,チーム3,エア・ウォーター東日本(株),亀山液酸(株),○,,230700,JP,○
62,チーム3,エア・ウォーター東日本(株),相模原液酸(株),○,,230800,JP,○
63,チーム3,エア・ウォーター東日本(株),静岡液酸(株),○,,230900,JP,○
64,チーム3,エア・ウォーター東日本(株),東海液酸(株),○,,231000,JP,○
65,チーム3,エア・ウォーター東日本(株),新潟液酸(株),○,,231100,JP,○
66,チーム3,エア・ウォーター東日本(株),福島液酸(株),○,,231200,JP,○
67,チーム3,エア・ウォーター東日本(株),山形液酸(株),○,,231300,JP,○
68,チーム3,エア・ウォーター東日本(株),(株)元気,○,,231400,JP,○
69,チーム3,エア・ウォーター東日本(株),(株)関東ガスサービス,○,,231500,JP,○
70,チーム3,エア・ウォーター東日本(株),(株)伊勢ガスセンター,,,231600,JP,
71,チーム3,エア・ウォーター東日本(株),(株)エイチ・エー・ダブリュー・ガスセンター,,,231700,JP,
72,チーム3,エア・ウォーター東日本(株),岐阜エア・ウォーター(株),,,231800,JP,
73,チーム3,エア・ウォーター東日本(株),群馬総合ガスセンター(株),,,231900,JP,
74,チーム3,エア・ウォーター東日本(株),千葉総合ガスセンター(株),,,232000,JP,
75,チーム3,エア・ウォーター東日本(株),(株)東濃ガスセンター,,,232100,JP,
76,チーム3,エア・ウォーター東日本(株),東邦酸素工業(株),,,232200,JP,
77,チーム3,エア・ウォーター東日本(株),西三河ガスセンター(株),,,232300,JP,
78,チーム3,エア・ウォーター東日本(株),三国液酸(株),,,232400,JP,
79,チーム3,エア・ウォーター東日本(株),(株)環境技術センター,○,,230101,JP,○
80,チーム3,エア・ウォーター東日本(株),(株)関茂助商店,○,,230102,JP,○
81,チーム3,エア・ウォーター東日本(株),竹中運輸(株),○,,230103,JP,○
82,チーム3,エア・ウォーター東日本(株),(株)AWSつくばガスセンター,○,,230104,JP,○
83,チーム3,エア・ウォーター東日本(株),川中島ガスセンター(株),○,,230105,JP,○
84,チーム3,エア・ウォーター東日本(株),新潟ガス工業(株),○,,230106,JP,○
85,チーム3,エア・ウォーター東日本(株),山梨ガスセンター(株),○,,230107,JP,○
86,チーム3,エア・ウォーター東日本(株),青果流通機構(株),,,231401,JP,
87,チーム4,エア・ウォーター北海道(株) ,エア・ウォーター北海道(株),○,○,220000,JP,○
88,チーム4,エア・ウォーター北海道(株) ,エア・ウォーター産業・医療ガス（株）,○,○,220100,JP,○
89,チーム4,エア・ウォーター北海道(株) ,エア・ウォーター・ライフソリューション(株),○,○,220200,JP,○
90,チーム4,エア・ウォーター北海道(株) ,エア・ウォーター・ラボアンドフーズ(株),○,,220300,JP,○
91,チーム1,デンタルケアユニット,(株)札幌デンタル・ラボラトリー,○,○,220400,JP,○
92,チーム4,エア・ウォーター北海道(株) ,(株)ホクエイ,○,○,220500,JP,○
93,チーム4,エア・ウォーター北海道(株) ,(株)北海道総合ガスセンター,○,,220600,JP,○
94,チーム4,エア・ウォーター北海道(株) ,小樽ガスセンター(株),,,220700,JP,
95,チーム4,エア・ウォーター北海道(株) ,(株)オートガスステーション札幌(解散中),,,220800,JP,
96,チーム4,エア・ウォーター北海道(株) ,伊並産業(株),○,,220101,JP,○
97,チーム4,エア・ウォーター北海道(株) ,旭川エナジック(株),,,220201,JP,
98,チーム4,エア・ウォーター北海道(株) ,空知エナジック(株),,,220202,JP,
99,チーム4,エア・ウォーター北海道(株) ,滝川ガス(株),,,220203,JP,
100,チーム4,エア・ウォーター北海道(株) ,函館エナジック(株),,,220204,JP,
101,チーム5,グローバルエンジニアリングユニット,エア・ウォーター・エンジニアリング(株),○,○,40100,JP,○
102,チーム5,グローバルエンジニアリングユニット,AIR WATER INDIA PRIVATE LIMITED,○,○,40200,EN,○
103,チーム5,グローバルエンジニアリングユニット,"AIR WATER VIETNAM CO., LTD.",○,○,40300,EN,○
104,チーム5,グローバルエンジニアリングユニット,AIR WATER AMERICA INC.,○,○,40400,EN,○
105,チーム5,グローバルエンジニアリングユニット,Power Partners Private Limited,○,○,40600,EN,○
106,チーム5,グローバルエンジニアリングユニット,M1 Engineering Holdings Limited,○,,40700,EN,○
107,チーム5,グローバルエンジニアリングユニット,Taylor-Wharton Malaysia Sdn. Bhd.,○,○,40800,EN,○
108,チーム5,グローバルエンジニアリングユニット,?沃特气体 (厦?) 有限公司 ,○,,40900,EN,○
109,チーム5,グローバルエンジニアリングユニット,AIR WATER GAS SOLUTIONS INC.,○,○,40401,EN,○
110,チーム5,グローバルエンジニアリングユニット,"American Gas Products, Inc.",○,○,40402,EN,○
111,チーム5,グローバルエンジニアリングユニット,"Arizona Air Pro, LLC",○,,40406,EN,○
112,チーム5,グローバルエンジニアリングユニット,"Noble Gas Solutions, LLC",○,○,40403,EN,○
113,チーム5,グローバルエンジニアリングユニット,Phoenix Welding Supply LLC,○,○,40405,EN,○
114,チーム5,グローバルエンジニアリングユニット,PT. Power Partners Indonesia,○,,40601,EN,
115,チーム5,グローバルエンジニアリングユニット,ADVANCED CRITICAL TECHNOLOGY SDN. BHD.,○,,40602,EN,
116,チーム5,グローバルエンジニアリングユニット,AWI-GENZ GLOBAL PRIVATE LIMITED,○,,40603,EN,
117,チーム5,グローバルエンジニアリングユニット,Critical Systems Services Private Limited,○,,40604,EN,
118,チーム5,グローバルエンジニアリングユニット,"Power Partners Taiwan Co., Ltd.",○,,40605,EN,
119,チーム5,グローバルエンジニアリングユニット,Power Partners (Vietnam) LLC,○,,40606,EN,
120,チーム5,グローバルエンジニアリングユニット,M1 Engineering Limited,○,,40701,EN,○
121,チーム5,グローバルエンジニアリングユニット,M1 Engineering (IE) Limited(休眠中),,,,EN,
122,チーム5,グローバルエンジニアリングユニット,"Albany Welding Supply Co, LLC(休眠中)",,,40404,EN,
123,チーム5,グローバルエンジニアリングユニット,HITEC Holding B.V.,○,○,40500,EN,○
124,チーム5,グローバルエンジニアリングユニット,HITEC Power Protection B.V.,○,,40502,EN,
125,チーム5,グローバルエンジニアリングユニット,HITEC Power Protection (Far East) B.V.,○,,40507,EN,
126,チーム5,グローバルエンジニアリングユニット,HITEC Power Protection International B.V.,○,,40508,EN,
127,チーム5,グローバルエンジニアリングユニット,"HITEC Power Protection Ib?rica, S.L.",○,,40509,EN,
128,チーム5,グローバルエンジニアリングユニット,HITEC Power Protection Taiwan Ltd.,○,,40510,EN,
129,チーム5,グローバルエンジニアリングユニット,HITEC Power Protection Limited,○,,40511,EN,
130,チーム5,グローバルエンジニアリングユニット,HITEC Power Protection RUS LLC(休眠中),,,40512,EN,
131,チーム5,グローバルエンジニアリングユニット,"American HITEC Holdings, Inc.",○,,40501,EN,
132,チーム5,グローバルエンジニアリングユニット,"HITEC Power Protection, Inc.",○,,40502,EN,
133,チーム5,グローバルエンジニアリングユニット,HITEC Power Protection Brasil Ltda.,○,,40503,EN,
134,チーム5,グローバルエンジニアリングユニット,"Hitec Power Protection (Beijing) Co., Ltd.",○,,40504,EN,
135,チーム5,グローバルエンジニアリングユニット,HITEC Power Protection (Malaysia) Sdn. Bhd.,○,,40505,EN,
136,チーム5,グローバルエンジニアリングユニット,TAYLOR-WHARTON AMERICA INC.,○,○,40407,EN,○
137,チーム5,グローバルエンジニアリングユニット,TOMCO2 SYSTEMS COMPANY,○,○,40408,EN,○
138,チーム5,グローバル戦略推進本部,エア・ウォーター・マテリアル(株),○,○,170100,JP,○
139,チーム5,グローバル戦略推進本部,上海?沃特国??易有限公司,○,○,170200,EN,○
140,チーム5,グローバル戦略推進本部,Inoueki (Malaysia) Sdn. Bhd. ,○,,170101,EN,○
141,チーム5,グローバル戦略推進本部,"Inoueki Philippines, Inc. ",○,,170102,EN,○
142,チーム5,グローバル戦略推進本部,Inoueki Singapore Pte. Ltd.,○,,170103,EN,○
143,チーム5,グローバル戦略推進本部,"Inoueki (Thailand) Co., Ltd. ",○,○,170104,EN,○
144,チーム5,グローバル戦略推進本部,台井科技股?有限公司,,,170105,EN,
145,チーム5,グローバル戦略推進本部,?口阿部配?有限公司,,,170106,EN,
146,チーム5,グローバル戦略推進本部,AIR WATER MATERIALS VIETNAM COMPANY LIMITED,○,,170107,EN,○
147,チーム5,グローバル戦略推進本部,宏廣新技股?有限公司,○,,170108,EN,○
148,チーム5,グローバル戦略推進本部,サンワマテリアルソリューションズ（株）,,,170109,JP,
149,チーム5,グローバル戦略推進本部,有井国??易（上海）有限公司,,,170110,EN,
150,チーム5,グローバル戦略推進本部,"Gold Kogyo Laguna Philippines, Inc. ",,,170111,EN,
151,チーム5,グローバル戦略推進本部,Inotec International Singapore Pte. Ltd.,,,170112,EN,
152,チーム5,グローバル戦略推進本部,"Gold Kogyo (Thailand) Co., Ltd. ",,,170113,EN,
153,チーム5,グローバル戦略推進本部,"Sun-up Recycling Co., Ltd. ",,,170114,EN,
154,チーム6,防災ユニット,エア・ウォーター防災(株),○,○,90100,JP,○
155,チーム6,防災ユニット,オリオン・ラドセーフメディカル(株),○,○,90200,JP,○
156,チーム6,防災ユニット,Globalwide International Pte. Ltd.,○,○,90300,EN,○
157,チーム6,防災ユニット,Globalwide M&E Pte. Ltd.,○,,90400,EN,○
158,チーム6,防災ユニット,西部特機工業(株),○,,90101,JP,○
159,チーム7,アグリユニット,(株)AWジェイド,○,,120201,JP,○
160,チーム7,アグリユニット,(株)エア・ウォーター農園,○,○,120500,JP,○
161,チーム7,アグリユニット,(株)ブイエム,,,120800,JP,
162,チーム7,アグリユニット,(株)プラス,○,○,120600,JP,○
163,チーム7,アグリユニット,(株)まるよし,○,,120900,JP,○
164,チーム7,アグリユニット,(株)九州屋,○,○,120100,JP,○
165,チーム7,アグリユニット,(株)高谷商店,○,○,120400,JP,○
166,チーム7,アグリユニット,(株)明野九州屋ファーム,○,,120101,JP,○
167,チーム7,アグリユニット,丸進青果(株),○,○,120700,JP,○
168,チーム7,アグリユニット,日農運輸(株),○,,120302,JP,○
169,チーム7,アグリユニット,日農機(株),○,○,120301,JP,○
170,チーム7,アグリユニット,日農機製工(株),○,,120300,JP,○
171,チーム7,アグリユニット,北海道エア・ウォーター・アグリ(株),○,○,120200,JP,○
172,チーム7,アグリユニット,未来食農ソリューションズ(株),,,121000,JP,
173,チーム7,フーズユニット,(株)ファームテーブル,○,,110203,JP,○
174,チーム7,フーズユニット,(株)プリンス,○,,110202,JP,○
175,チーム7,フーズユニット,(株)プレシア,○,○,110200,JP,○
176,チーム7,フーズユニット,Asvegetal S.A.,○,,110102,EN,○
177,チーム7,フーズユニット,Ecofroz S.A.,○,○,110103,EN,○
178,チーム7,フーズユニット,エア・ウォーターアグリ＆フーズ(株),○,○,110100,JP,○
179,チーム7,フーズユニット,ヨネザワ製菓(株),○,○,110201,JP,○
180,チーム7,フーズユニット,大山ハム(株),○,○,110101,JP,○
181,チーム7,飲料ユニット ,AWファーム千歳(株),○,,130101,JP,○
182,チーム7,飲料ユニット ,ゴールドパック(株),○,○,130100,JP,○
183,チーム8,インダストリアルガスユニット ,メカトロ・アソシエーツ(株),○,,20100,JP,○
184,チーム8,インダストリアルガスユニット ,エア・ウォーターNV(株),○,○,20200,JP,○
185,チーム8,インダストリアルガスユニット ,エア・ウォーター・エコロッカ(株),○,○,20300,JP,○
186,チーム8,インダストリアルガスユニット ,九州工業ガス(株),○,,20400,JP,○
187,チーム8,インダストリアルガスユニット ,神鋼エア・ウォーター・ガス(株),○,,20500,JP,○
188,チーム8,インダストリアルガスユニット ,神鋼エアーテック(株),○,○,20600,JP,○
189,チーム8,インダストリアルガスユニット ,泉北酸素(株),○,,20700,JP,○
190,チーム8,インダストリアルガスユニット ,日本ヘリウム(株),○,○,20800,JP,○
191,チーム8,インダストリアルガスユニット ,(株)ガスネット,,,20900,JP,
192,チーム8,インダストリアルガスユニット ,(株)クリオ・エアー,,,21000,JP,
193,チーム8,インダストリアルガスユニット ,苫小牧共同酸素(株),,,21100,JP,
194,チーム8,インダストリアルガスユニット ,パナソニックAWエンジニアリング(株),,,21200,JP,
195,チーム8,インダストリアルガスユニット ,北九州オキシトン(株),,,21300,JP,
196,チーム8,インダストリアルガスユニット ,山陽エア・ケミカルズ(株),,,21400,JP,
197,チーム8,インダストリアルガスユニット ,(株)富山エア・サプライ,,,21500,JP,
198,チーム8,インダストリアルガスユニット ,(株)名古屋サンソセンター,,,21600,JP,
199,チーム8,インダストリアルガスユニット ,北海道アセチレン(株),,,21700,JP,
200,チーム8,インダストリアルガスユニット ,室蘭共同発電(株),,,21800,JP,
201,チーム8,インダストリアルガスユニット ,常州?沃特金属表面科技有限公司,○,,20201,EN,○
202,チーム8,インダストリアルガスユニット ,PT. Indonesia Air Water ,○,,20202,EN,○
203,チーム8,インダストリアルガスユニット ,"Air Water Philippines, Inc. ",○,,20203,EN,○
204,チーム8,インダストリアルガスユニット ,"Air Water (Thailand) Co., Ltd. ",○,,20204,EN,○
205,チーム8,インダストリアルガスユニット ,エア・ウォーターMFK(株),○,,20205,JP,○
206,チーム8,エネルギーソリューションユニット,Pacific Petro Import And Export Trading JSC,○,○,50100,EN,○
207,チーム8,カーボンニュートラル推進室 ,エア・ウォーター小名浜バイオマス電力(株),○,○,160100,JP,○
208,チーム8,ガスプロダクツユニット,エア・ウォーター・ガスプロダクツ(株),○,○,30100,JP,○
209,チーム8,ガスプロダクツユニット,ガスプロダクツ・ロジスティクス(株),○,,30101,JP,○
210,チーム8,ガスプロダクツユニット,北九州液酸,○,,30102,JP,○
211,チーム8,ガスプロダクツユニット,しなの液酸,○,,30103,JP,○
212,チーム8,ガスプロダクツユニット,千葉液酸,○,,30104,JP,○
213,チーム8,グリーンイノベーションユニット,K&Oエナジーグループ(株),,,60100,JP,
214,チーム8,グリーンイノベーションユニット,エア・ウォーター・グリーンデザイン(株),○,○,60200,JP,○
215,チーム8,グリーンイノベーションユニット,共同炭酸(株),○,,60201,JP,○
216,チーム8,グリーンイノベーションユニット,㈲前田商事,,,60202,JP,
217,チーム8,グリーンイノベーションユニット,エア・ウォーターK&O(株),○,,60203,JP,○
218,チーム9,デジタルユニット,エア・ウォーター・エレクトロニクス(株),○,○,10100,JP,○
219,チーム9,デジタルユニット,エア・ウォーター・メカトロニクス(株),○,○,10200,JP,○
220,チーム9,デジタルユニット,日本電熱(株),○,○,10300,JP,○
221,チーム9,デジタルユニット,石川ガスセンター(株),,,10500,JP,
222,チーム9,デジタルユニット,エア・ウォーター・パフォーマンスケミカル(株),○,○,10600,JP,○
223,チーム9,デジタルユニット,(株)FILWEL,○,○,10700,JP,○
224,チーム9,デジタルユニット,(株)プリンテック,○,○,10800,JP,○
225,チーム9,デジタルユニット,エア・ウォーター・マッハ(株),○,○,10900,JP,○
226,チーム9,デジタルユニット,サンケミカル(株),○,○,10602,JP,○
227,チーム9,デジタルユニット,?沃特裕立化工(江?) 有限公司,○,,10603,EN,○
228,チーム9,デジタルユニット,ATエレクトロード(株),○,,10604,JP,○
229,チーム9,デジタルユニット,台灣愛沃特瑪?股?有限公司,○,,10901,EN,○
230,チーム9,デジタルユニット,?沃特??橡?制品（福建）有限公司,○,,10902,EN,○
231,チーム9,デジタルユニット,Air Water Mach (USA) Inc.,○,,10903,EN,○
232,チーム9,デジタルユニット,?沃特??（大?）有限公司,○,,10904,EN,○
233,チーム9,デジタルユニット,堺ガスセンター,○,,10905,JP,○
234,チーム9,グローバル戦略推進本部,Precision Fabricators Ltd. Llc.,○,○,10400,EN,○
235,チーム9,デジタルユニット,ATNグラファイト・テクノロジー(株),○,,10601,JP,○
236,チーム9,海水ユニット ,(株)日本海水,○,○,140100,JP,○
237,チーム9,海水ユニット ,タテホ化学工業(株),○,○,140200,JP,○
238,チーム9,海水ユニット ,アクアインテック(株),○,○,140101,JP,○
239,チーム9,海水ユニット ,(株)日本海水TTS苅田パワー,○,○,140102,JP,○
240,チーム9,海水ユニット ,サミット小名浜エスパワー(株),,,140103,JP,
241,チーム9,海水ユニット ,(株)九州ソルト,,,140104,JP,
242,チーム9,海水ユニット ,大??泰豪化学有限公司,○,,140201,EN,○
243,チーム9,海水ユニット ,"Tateho Ozark Technical Ceramics, Inc.",○,○,140202,EN,○
244,チーム9,海水ユニット ,H.T.C. S.R.L.,○,,140203,EN,○
245,チーム9,海水ユニット ,Redco S.R.L.,○,,140204,EN,○
246,チーム10,ＡＩ・ＤＸ推進室,エア・ウォーター・デジタル(株),○,,190100,JP,○
247,チーム10,ＡＩ・ＤＸ推進室,(株)PTX,○,,190200,JP,○
248,チーム10,法務・ガバナンス室 ,エア・ウォーター・サービス(株),○,,200100,JP,○
249,チーム10,物流改革推進室 ,エア・ウォーター物流(株),○,○,180100,JP,○
250,チーム10,物流改革推進室 ,エア・ウォーターLINE(株),○,○,180101,JP,○
251,チーム10,物流改革推進室 ,(株)アシスト,○,,180102,JP,○
252,チーム10,物流改革推進室 ,荻野配送(株),○,,180103,JP,○
253,チーム10,物流改革推進室 ,北海道車体(株),○,○,180104,JP,○
254,チーム10,物流改革推進室 ,(株)リプロワーク,○,,180105,JP,○
255,チーム10,物流改革推進室 ,(株)札幌流通加工サービス,○,,180106,JP,○
256,チーム10,物流改革推進室 ,(株)手野運送,,,180107,JP,
257,チーム7,アグリユニット,トミイチ九州(株),○,,150100,JP,○
258,チーム10,在宅ヘルスケアユニット,エア・ウォーター・リアライズ(株),○,○,70100,JP,○
259,チーム10,在宅ヘルスケアユニット,川本産業(株),○,○,70200,JP,○
260,チーム10,在宅ヘルスケアユニット,浙江川本?生材料有限公司,○,,70201,JP,○
261,チーム10,在宅ヘルスケアユニット,"Kurosu Hanam Co., Ltd",○,,70202,EN,○
262,チーム10,在宅ヘルスケアユニット,クロス工業(株),○,,70203,JP,○
263,チーム10,在宅ヘルスケアユニット,(株)サカキL&Eワイズ,○,,70204,JP,○
264,チーム10,メディカルプロダクツユニット ,エア・ウォーター・メディカル(株),○,○,80100,JP,○
265,チーム10,メディカルプロダクツユニット ,エア・ウォーター・メディエイチ(株),○,○,80200,JP,○
266,チーム10,メディカルプロダクツユニット ,エア・ウォーター・リンク(株),○,○,80300,JP,○
267,チーム10,メディカルプロダクツユニット ,エムシーサービス(株),○,,80400,JP,○
268,チーム10,メディカルプロダクツユニット ,エア・ウォーター・バイオデザイン(株),○,,80500,JP,○
269,チーム10,メディカルプロダクツユニット ,エア・ウォーターBD(株)(解散中),○,,80600,JP,○
270,チーム10,メディカルプロダクツユニット ,湖北?沃特医?气体有限公司,○,,80700,EN,○
271,チーム10,メディカルプロダクツユニット ,エア・ウォーター・アエラスバイオ（株）,○,,80800,JP,○
272,チーム10,メディカルプロダクツユニット ,(株)リモハブ,○,,80900,JP,○
273,チーム10,メディカルプロダクツユニット ,(株)アイム,,,81000,JP,
274,チーム1,デンタルケアユニット,(株)グローバルナイン,○,,100220,JP,○
